"","Season","Player","DraftPos","DraftYear","PER","WS","VORP","BPM"
"1","2020-21","Deandre Ayton",1,2018,10.61,2.986,1,3.07
"2","2021-22","Deandre Ayton",1,2018,15.243,4.362,1.097,4.417
"3","2022-23","Deandre Ayton",1,2018,15.498,4.408,1.099,4.344
"4","2023-24","Deandre Ayton",1,2018,15.438,4.359,1.1,4.37
"5","2020-21","Marvin Bagley III",2,2018,9.349,1.972,0.4,2.004
"6","2021-22","Marvin Bagley III",2,2018,14.058,2.782,0.4,2.793
"7","2022-23","Marvin Bagley III",2,2018,14.106,2.777,0.4,2.801
"8","2023-24","Marvin Bagley III",2,2018,14.127,2.794,0.4,2.786
"9","2020-21","Luka Dončić",3,2018,9.589,2.495,1.996,2.525
"10","2021-22","Luka Dončić",3,2018,14.594,3.671,2.693,3.704
"11","2022-23","Luka Dončić",3,2018,14.653,3.679,2.699,3.7
"12","2023-24","Luka Dončić",3,2018,14.61,3.691,2.695,3.686
"13","2020-21","Jaren Jackson Jr.",4,2018,8.669,1.943,0.7,2.025
"14","2021-22","Jaren Jackson Jr.",4,2018,12.453,2.617,0.7,2.654
"15","2022-23","Jaren Jackson Jr.",4,2018,12.496,2.613,0.7,2.63
"16","2023-24","Jaren Jackson Jr.",4,2018,12.52,2.622,0.7,2.619
"17","2020-21","Trae Young",5,2018,8.747,2.009,0.9,1.989
"18","2021-22","Trae Young",5,2018,12.746,2.661,0.9,2.644
"19","2022-23","Trae Young",5,2018,12.781,2.661,0.9,2.665
"20","2023-24","Trae Young",5,2018,12.863,2.649,0.9,2.666
"21","2020-21","Mo Bamba",6,2018,7.682,1,0.1,1
"22","2021-22","Mo Bamba",6,2018,11.208,1.359,0.1,1.349
"23","2022-23","Mo Bamba",6,2018,11.186,1.347,0.1,1.353
"24","2023-24","Mo Bamba",6,2018,11.289,1.347,0.1,1.356
"25","2020-21","Wendell Carter Jr.",7,2018,8.038,1,0.1,1
"26","2021-22","Wendell Carter Jr.",7,2018,11.63,1.472,0.1,1.447
"27","2022-23","Wendell Carter Jr.",7,2018,11.638,1.451,0.1,1.458
"28","2023-24","Wendell Carter Jr.",7,2018,11.651,1.461,0.1,1.456
"29","2020-21","Collin Sexton",8,2018,6.668,-0.6,-1.8,-0.6
"30","2021-22","Collin Sexton",8,2018,9.411,-0.6,-1.8,-0.6
"31","2022-23","Collin Sexton",8,2018,9.392,-0.6,-1.8,-0.6
"32","2023-24","Collin Sexton",8,2018,9.378,-0.6,-1.8,-0.6
"33","2020-21","Kevin Knox",9,2018,4.487,-1.3,-2,-1.3
"34","2021-22","Kevin Knox",9,2018,6.638,-1.3,-2,-1.3
"35","2022-23","Kevin Knox",9,2018,6.551,-1.3,-2,-1.3
"36","2023-24","Kevin Knox",9,2018,6.576,-1.3,-2,-1.3
"37","2020-21","Mikal Bridges",10,2018,5.469,1.478,0.3,1.492
"38","2021-22","Mikal Bridges",10,2018,8.087,2.188,0.3,2.174
"39","2022-23","Mikal Bridges",10,2018,8.084,2.192,0.3,2.196
"40","2023-24","Mikal Bridges",10,2018,8.078,2.196,0.3,2.177
"41","2020-21","Shai Gilgeous-Alexander",11,2018,6.897,2.002,0.8,1.995
"42","2021-22","Shai Gilgeous-Alexander",11,2018,10.184,2.66,0.8,2.641
"43","2022-23","Shai Gilgeous-Alexander",11,2018,10.171,2.646,0.8,2.663
"44","2023-24","Shai Gilgeous-Alexander",11,2018,10.151,2.667,0.8,2.648
"45","2020-21","Miles Bridges",12,2018,7.229,1.543,0.5,1.489
"46","2021-22","Miles Bridges",12,2018,10.179,2.227,0.5,2.231
"47","2022-23","Miles Bridges",12,2018,10.203,2.211,0.5,2.221
"48","2023-24","Miles Bridges",12,2018,10.123,2.218,0.5,2.22
"49","2020-21","Troy Brown Jr.",15,2018,6.077,0.6,-0.1,0.6
"50","2021-22","Troy Brown Jr.",15,2018,8.521,0.6,-0.1,0.6
"51","2022-23","Troy Brown Jr.",15,2018,8.574,0.6,-0.1,0.6
"52","2023-24","Troy Brown Jr.",15,2018,8.545,0.6,-0.1,0.6
"53","2020-21","Donte DiVincenzo",17,2018,5.033,0.6,0,0.6
"54","2021-22","Donte DiVincenzo",17,2018,7.026,0.6,0,0.6
"55","2022-23","Donte DiVincenzo",17,2018,7.092,0.6,0,0.6
"56","2023-24","Donte DiVincenzo",17,2018,7.07,0.6,0,0.6
"57","2020-21","Lonnie Walker IV",18,2018,5.406,0,0,0
"58","2021-22","Lonnie Walker IV",18,2018,8.222,0,0,0
"59","2022-23","Lonnie Walker IV",18,2018,8.216,0,0,0
"60","2023-24","Lonnie Walker IV",18,2018,8.193,0,0,0
"61","2020-21","Kevin Huerter",19,2018,5.384,1,-0.2,1
"62","2021-22","Kevin Huerter",19,2018,7.711,1.249,-0.2,1.242
"63","2022-23","Kevin Huerter",19,2018,7.758,1.248,-0.2,1.249
"64","2023-24","Kevin Huerter",19,2018,7.74,1.252,-0.2,1.248
"65","2020-21","Josh Okogie",20,2018,4.961,1,-0.5,1
"66","2021-22","Josh Okogie",20,2018,7.134,1.096,-0.5,1.098
"67","2022-23","Josh Okogie",20,2018,7.159,1.097,-0.5,1.099
"68","2023-24","Josh Okogie",20,2018,7.162,1.099,-0.5,1.1
"69","2020-21","Grayson Allen",21,2018,3.975,0,-0.5,0
"70","2021-22","Grayson Allen",21,2018,5.748,0,-0.5,0
"71","2022-23","Grayson Allen",21,2018,5.775,0,-0.5,0
"72","2023-24","Grayson Allen",21,2018,5.788,0,-0.5,0
"73","2020-21","Chandler Hutchison",22,2018,4.412,0.6,-0.4,0.6
"74","2021-22","Chandler Hutchison",22,2018,6.661,0.6,-0.4,0.6
"75","2022-23","Chandler Hutchison",22,2018,6.621,0.6,-0.4,0.6
"76","2023-24","Chandler Hutchison",22,2018,6.613,0.6,-0.4,0.6
"77","2020-21","Aaron Holiday",23,2018,6.092,0.9,0.1,0.9
"78","2021-22","Aaron Holiday",23,2018,9.083,0.9,0.1,0.9
"79","2022-23","Aaron Holiday",23,2018,8.96,0.9,0.1,0.9
"80","2023-24","Aaron Holiday",23,2018,9.028,0.9,0.1,0.9
"81","2020-21","Anfernee Simons",24,2018,6.056,0.1,-0.1,0.1
"82","2021-22","Anfernee Simons",24,2018,8.53,0.1,-0.1,0.1
"83","2022-23","Anfernee Simons",24,2018,8.521,0.1,-0.1,0.1
"84","2023-24","Anfernee Simons",24,2018,8.539,0.1,-0.1,0.1
"85","2020-21","Moritz Wagner",25,2018,5.523,0.2,-0.3,0.2
"86","2021-22","Moritz Wagner",25,2018,7.738,0.2,-0.3,0.2
"87","2022-23","Moritz Wagner",25,2018,7.807,0.2,-0.3,0.2
"88","2023-24","Moritz Wagner",25,2018,7.727,0.2,-0.3,0.2
"89","2020-21","Landry Shamet",26,2018,10.996,2.407,0.1,2.385
"90","2021-22","Landry Shamet",26,2018,10.997,2.401,0.102,2.408
"91","2022-23","Landry Shamet",26,2018,11.002,2.414,0.1,2.39
"92","2023-24","Landry Shamet",26,2018,11.001,2.407,0.101,2.408
"93","2020-21","Robert Williams",27,2018,9.59,1,0.3,1
"94","2021-22","Robert Williams",27,2018,14.329,1.099,0.3,1.096
"95","2022-23","Robert Williams",27,2018,14.336,1.098,0.3,1.099
"96","2023-24","Robert Williams",27,2018,14.321,1.101,0.3,1.102
"97","2020-21","Jevon Carter",32,2018,4.027,0,-0.3,0
"98","2021-22","Jevon Carter",32,2018,6.002,0,-0.3,0
"99","2022-23","Jevon Carter",32,2018,5.939,0,-0.3,0
"100","2023-24","Jevon Carter",32,2018,5.973,0,-0.3,0
"101","2020-21","Jalen Brunson",33,2018,6.323,1.485,0.1,1.529
"102","2021-22","Jalen Brunson",33,2018,9.71,2.039,0.1,2.068
"103","2022-23","Jalen Brunson",33,2018,9.598,2.038,0.1,2.057
"104","2023-24","Jalen Brunson",33,2018,9.649,2.043,0.1,2.035
"105","2020-21","Devonte' Graham",34,2018,5.568,0.5,-0.3,0.5
"106","2021-22","Devonte' Graham",34,2018,7.925,0.5,-0.3,0.5
"107","2022-23","Devonte' Graham",34,2018,7.89,0.5,-0.3,0.5
"108","2023-24","Devonte' Graham",34,2018,7.938,0.5,-0.3,0.5
"109","2020-21","Mitchell Robinson",36,2018,11.32,3.428,1,3.528
"110","2021-22","Mitchell Robinson",36,2018,16.575,4.791,1.303,4.808
"111","2022-23","Mitchell Robinson",36,2018,16.609,4.779,1.307,4.782
"112","2023-24","Mitchell Robinson",36,2018,16.681,4.79,1.301,4.791
"113","2020-21","Gary Trent Jr.",37,2018,1.984,-0.2,-0.2,-0.2
"114","2021-22","Gary Trent Jr.",37,2018,2.824,-0.2,-0.2,-0.2
"115","2022-23","Gary Trent Jr.",37,2018,2.796,-0.2,-0.2,-0.2
"116","2023-24","Gary Trent Jr.",37,2018,2.814,-0.2,-0.2,-0.2
"117","2020-21","Isaac Bonga",39,2018,3.526,-0.1,-0.1,-0.1
"118","2021-22","Isaac Bonga",39,2018,4.73,-0.1,-0.1,-0.1
"119","2022-23","Isaac Bonga",39,2018,4.741,-0.1,-0.1,-0.1
"120","2023-24","Isaac Bonga",39,2018,4.734,-0.1,-0.1,-0.1
"121","2020-21","Jarred Vanderbilt",41,2018,6.501,0.1,0,0.1
"122","2021-22","Jarred Vanderbilt",41,2018,9.477,0.1,0,0.1
"123","2022-23","Jarred Vanderbilt",41,2018,9.444,0.1,0,0.1
"124","2023-24","Jarred Vanderbilt",41,2018,9.472,0.1,0,0.1
"125","2020-21","Bruce Brown",42,2018,3.503,1,-0.5,1
"126","2021-22","Bruce Brown",42,2018,5.186,1.248,-0.5,1.257
"127","2022-23","Bruce Brown",42,2018,5.202,1.249,-0.5,1.246
"128","2023-24","Bruce Brown",42,2018,5.215,1.249,-0.5,1.251
"129","2020-21","Hamidou Diallo",45,2018,5.586,0.8,-0.3,0.8
"130","2021-22","Hamidou Diallo",45,2018,7.809,0.8,-0.3,0.8
"131","2022-23","Hamidou Diallo",45,2018,7.841,0.8,-0.3,0.8
"132","2023-24","Hamidou Diallo",45,2018,7.835,0.8,-0.3,0.8
"133","2020-21","De'Anthony Melton",46,2018,4.856,0,-0.2,0
"134","2021-22","De'Anthony Melton",46,2018,7.37,0,-0.2,0
"135","2022-23","De'Anthony Melton",46,2018,7.382,0,-0.2,0
"136","2023-24","De'Anthony Melton",46,2018,7.352,0,-0.2,0
"137","2020-21","Svi Mykhailiuk",47,2018,7.235,-0.068,-0.201,-0.068
"138","2021-22","Svi Mykhailiuk",47,2018,7.24,-0.066,-0.199,-0.068
"139","2022-23","Svi Mykhailiuk",47,2018,7.201,-0.066,-0.198,-0.067
"140","2023-24","Svi Mykhailiuk",47,2018,7.208,-0.066,-0.2,-0.067
"141","2020-21","Keita Bates-Diop",48,2018,4.958,0.3,-0.2,0.3
"142","2021-22","Keita Bates-Diop",48,2018,7.3,0.3,-0.2,0.3
"143","2022-23","Keita Bates-Diop",48,2018,7.296,0.3,-0.2,0.3
"144","2023-24","Keita Bates-Diop",48,2018,7.324,0.3,-0.2,0.3
"145","2020-21","Chimezie Metu",49,2018,3.545,-0.3,-0.2,-0.3
"146","2021-22","Chimezie Metu",49,2018,5.027,-0.3,-0.2,-0.3
"147","2022-23","Chimezie Metu",49,2018,4.974,-0.3,-0.2,-0.3
"148","2023-24","Chimezie Metu",49,2018,4.977,-0.3,-0.2,-0.3
"149","2020-21","Alize Johnson",50,2018,3.513,0,-0.1,0
"150","2021-22","Alize Johnson",50,2018,4.954,0,-0.1,0
"151","2022-23","Alize Johnson",50,2018,4.914,0,-0.1,0
"152","2023-24","Alize Johnson",50,2018,4.901,0,-0.1,0
"153","2020-21","Shake Milton",54,2018,4.889,0.3,-0.1,0.3
"154","2021-22","Shake Milton",54,2018,6.997,0.3,-0.1,0.3
"155","2022-23","Shake Milton",54,2018,6.98,0.3,-0.1,0.3
"156","2023-24","Shake Milton",54,2018,7.057,0.3,-0.1,0.3
"157","2020-21","Markelle Fultz",1,2017,11.429,0.251,-0.051,0.25
"158","2021-22","Markelle Fultz",1,2017,11.461,0.251,-0.05,0.25
"159","2022-23","Markelle Fultz",1,2017,11.451,0.251,-0.051,0.25
"160","2023-24","Markelle Fultz",1,2017,11.46,0.25,-0.05,0.251
"161","2020-21","Lonzo Ball",2,2017,12.092,1.801,0.935,1.799
"162","2021-22","Lonzo Ball",2,2017,12.1,1.803,0.943,1.8
"163","2022-23","Lonzo Ball",2,2017,12.095,1.803,0.95,1.804
"164","2023-24","Lonzo Ball",2,2017,12.095,1.799,0.943,1.799
"165","2020-21","Jayson Tatum",3,2017,15.151,6.044,1.567,6.045
"166","2021-22","Jayson Tatum",3,2017,15.15,6.044,1.555,6.059
"167","2022-23","Jayson Tatum",3,2017,15.151,6.063,1.554,6.045
"168","2023-24","Jayson Tatum",3,2017,15.15,6.052,1.556,6.045
"169","2020-21","Josh Jackson",4,2017,11.211,-1.201,-1.199,-1.197
"170","2021-22","Josh Jackson",4,2017,11.218,-1.199,-1.201,-1.191
"171","2022-23","Josh Jackson",4,2017,11.218,-1.196,-1.202,-1.193
"172","2023-24","Josh Jackson",4,2017,11.2,-1.205,-1.2,-1.201
"173","2020-21","De'Aaron Fox",5,2017,14.802,2.593,0.62,2.441
"174","2021-22","De'Aaron Fox",5,2017,14.704,2.562,0.63,2.532
"175","2022-23","De'Aaron Fox",5,2017,14.7,2.546,0.625,2.591
"176","2023-24","De'Aaron Fox",5,2017,14.644,2.562,0.63,2.531
"177","2020-21","Lauri Markkanen",7,2017,16.346,3.005,0.804,3.004
"178","2021-22","Lauri Markkanen",7,2017,16.356,3,0.802,3.004
"179","2022-23","Lauri Markkanen",7,2017,16.342,2.998,0.801,3
"180","2023-24","Lauri Markkanen",7,2017,16.341,3.005,0.801,3.002
"181","2020-21","Frank Ntilikina",8,2017,6.487,-0.851,-1.102,-0.85
"182","2021-22","Frank Ntilikina",8,2017,6.486,-0.85,-1.098,-0.851
"183","2022-23","Frank Ntilikina",8,2017,6.485,-0.85,-1.099,-0.85
"184","2023-24","Frank Ntilikina",8,2017,6.486,-0.85,-1.098,-0.85
"185","2020-21","Dennis Smith Jr.",9,2017,12.511,-0.181,-0.05,-0.179
"186","2021-22","Dennis Smith Jr.",9,2017,12.524,-0.171,-0.049,-0.172
"187","2022-23","Dennis Smith Jr.",9,2017,12.514,-0.174,-0.05,-0.167
"188","2023-24","Dennis Smith Jr.",9,2017,12.519,-0.179,-0.05,-0.177
"189","2020-21","Malik Monk",11,2017,11.002,0.144,-0.3,0.147
"190","2021-22","Malik Monk",11,2017,11.004,0.148,-0.3,0.149
"191","2022-23","Malik Monk",11,2017,11,0.152,-0.3,0.147
"192","2023-24","Malik Monk",11,2017,10.995,0.147,-0.3,0.149
"193","2020-21","Luke Kennard",12,2017,11.999,2.549,0.399,2.549
"194","2021-22","Luke Kennard",12,2017,11.998,2.548,0.399,2.55
"195","2022-23","Luke Kennard",12,2017,11.999,2.549,0.399,2.55
"196","2023-24","Luke Kennard",12,2017,11.998,2.549,0.398,2.549
"197","2020-21","Donovan Mitchell",13,2017,16.948,5.103,2.2,5.101
"198","2021-22","Donovan Mitchell",13,2017,16.948,5.099,2.2,5.099
"199","2022-23","Donovan Mitchell",13,2017,16.954,5.101,2.2,5.099
"200","2023-24","Donovan Mitchell",13,2017,16.947,5.102,2.2,5.102
"201","2020-21","Bam Adebayo",14,2017,16.801,5.475,1.204,5.475
"202","2021-22","Bam Adebayo",14,2017,16.816,5.469,1.205,5.472
"203","2022-23","Bam Adebayo",14,2017,16.81,5.457,1.205,5.486
"204","2023-24","Bam Adebayo",14,2017,16.792,5.485,1.21,5.476
"205","2020-21","Justin Jackson",15,2017,11.144,1.7,-0.072,1.694
"206","2021-22","Justin Jackson",15,2017,11.124,1.701,-0.071,1.705
"207","2022-23","Justin Jackson",15,2017,11.122,1.697,-0.076,1.698
"208","2023-24","Justin Jackson",15,2017,11.144,1.703,-0.074,1.697
"209","2020-21","D.J. Wilson",17,2017,10.3,0.93,0,0.924
"210","2021-22","D.J. Wilson",17,2017,10.3,0.923,0,0.932
"211","2022-23","D.J. Wilson",17,2017,10.3,0.907,0,0.922
"212","2023-24","D.J. Wilson",17,2017,10.3,0.903,0,0.91
"213","2020-21","John Collins",19,2017,20.004,5.699,1.033,5.698
"214","2021-22","John Collins",19,2017,20.028,5.696,1.045,5.692
"215","2022-23","John Collins",19,2017,20.041,5.695,1.049,5.694
"216","2023-24","John Collins",19,2017,20.052,5.701,1.046,5.7
"217","2020-21","Jarrett Allen",22,2017,17.992,5.864,1.2,5.907
"218","2021-22","Jarrett Allen",22,2017,18,5.866,1.205,5.881
"219","2022-23","Jarrett Allen",22,2017,17.996,5.871,1.199,5.908
"220","2023-24","Jarrett Allen",22,2017,17.997,5.88,1.198,5.895
"221","2020-21","OG Anunoby",23,2017,9.901,2.496,0.21,2.499
"222","2021-22","OG Anunoby",23,2017,9.901,2.496,0.192,2.482
"223","2022-23","OG Anunoby",23,2017,9.9,2.5,0.205,2.502
"224","2023-24","OG Anunoby",23,2017,9.901,2.493,0.2,2.502
"225","2020-21","Kyle Kuzma",27,2017,14.104,3.454,0.599,3.441
"226","2021-22","Kyle Kuzma",27,2017,14.101,3.452,0.601,3.46
"227","2022-23","Kyle Kuzma",27,2017,14.101,3.454,0.603,3.456
"228","2023-24","Kyle Kuzma",27,2017,14.101,3.454,0.6,3.457
"229","2020-21","Tony Bradley",28,2017,14.489,0.051,0,0.051
"230","2021-22","Tony Bradley",28,2017,14.525,0.051,0,0.051
"231","2022-23","Tony Bradley",28,2017,14.525,0.05,0,0.05
"232","2023-24","Tony Bradley",28,2017,14.538,0.051,0,0.051
"233","2020-21","Derrick White",29,2017,15.337,2.089,0.765,2.014
"234","2021-22","Derrick White",29,2017,15.348,2.092,0.739,2.061
"235","2022-23","Derrick White",29,2017,15.358,2.064,0.75,2.053
"236","2023-24","Derrick White",29,2017,15.35,2.078,0.757,2.064
"237","2020-21","Josh Hart",30,2017,10.753,2.766,0.498,2.763
"238","2021-22","Josh Hart",30,2017,10.778,2.751,0.499,2.754
"239","2022-23","Josh Hart",30,2017,10.768,2.74,0.503,2.753
"240","2023-24","Josh Hart",30,2017,10.762,2.752,0.499,2.749
"241","2020-21","Frank Jackson",31,2017,5.073,0.4,-0.8,0.4
"242","2021-22","Frank Jackson",31,2017,7.262,0.4,-0.8,0.4
"243","2022-23","Frank Jackson",31,2017,7.263,0.4,-0.8,0.4
"244","2023-24","Frank Jackson",31,2017,7.253,0.4,-0.8,0.4
"245","2020-21","Wes Iwundu",33,2017,8.238,1.303,-0.498,1.298
"246","2021-22","Wes Iwundu",33,2017,8.256,1.297,-0.5,1.302
"247","2022-23","Wes Iwundu",33,2017,8.247,1.31,-0.5,1.301
"248","2023-24","Wes Iwundu",33,2017,8.245,1.301,-0.499,1.31
"249","2020-21","Semi Ojeleye",37,2017,6.525,0.953,-0.561,0.956
"250","2021-22","Semi Ojeleye",37,2017,6.511,0.951,-0.55,0.95
"251","2022-23","Semi Ojeleye",37,2017,6.521,0.955,-0.557,0.951
"252","2023-24","Semi Ojeleye",37,2017,6.532,0.954,-0.556,0.952
"253","2020-21","Jordan Bell",38,2017,15.527,2.244,0.613,2.234
"254","2021-22","Jordan Bell",38,2017,15.471,2.248,0.6,2.242
"255","2022-23","Jordan Bell",38,2017,15.463,2.257,0.605,2.251
"256","2023-24","Jordan Bell",38,2017,15.493,2.25,0.606,2.242
"257","2020-21","Thomas Bryant",42,2017,15.567,2.823,0.778,2.732
"258","2021-22","Thomas Bryant",42,2017,15.487,2.863,0.778,2.875
"259","2022-23","Thomas Bryant",42,2017,15.433,2.821,0.772,2.818
"260","2023-24","Thomas Bryant",42,2017,15.449,2.844,0.765,2.845
"261","2020-21","Isaiah Hartenstein",43,2017,5.539,0.5,-0.1,0.5
"262","2021-22","Isaiah Hartenstein",43,2017,7.738,0.5,-0.1,0.5
"263","2022-23","Isaiah Hartenstein",43,2017,7.763,0.5,-0.1,0.5
"264","2023-24","Isaiah Hartenstein",43,2017,7.742,0.5,-0.1,0.5
"265","2020-21","Damyean Dotson",44,2017,11.204,1.072,-0.149,1.059
"266","2021-22","Damyean Dotson",44,2017,11.201,1.047,-0.146,1.051
"267","2022-23","Damyean Dotson",44,2017,11.202,1.052,-0.145,1.05
"268","2023-24","Damyean Dotson",44,2017,11.204,1.047,-0.149,1.051
"269","2020-21","Dillon Brooks",45,2017,8.711,0.614,-0.793,0.578
"270","2021-22","Dillon Brooks",45,2017,8.709,0.611,-0.794,0.602
"271","2022-23","Dillon Brooks",45,2017,8.694,0.609,-0.795,0.605
"272","2023-24","Dillon Brooks",45,2017,8.709,0.605,-0.797,0.601
"273","2020-21","Sterling Brown",46,2017,10.026,1.4,-0.053,1.401
"274","2021-22","Sterling Brown",46,2017,9.998,1.412,-0.051,1.41
"275","2022-23","Sterling Brown",46,2017,10.025,1.399,-0.051,1.405
"276","2023-24","Sterling Brown",46,2017,10.012,1.396,-0.051,1.412
"277","2020-21","Monte Morris",51,2017,21.764,3.32,0.878,3.194
"278","2021-22","Monte Morris",51,2017,21.688,3.191,0.893,3.219
"279","2022-23","Monte Morris",51,2017,21.719,3.274,0.897,3.254
"280","2023-24","Monte Morris",51,2017,21.765,3.251,0.895,3.189
"281","2020-21","Brandon Ingram",2,2016,11.963,1.474,-0.327,1.51
"282","2021-22","Brandon Ingram",2,2016,11.907,1.5,-0.323,1.511
"283","2022-23","Brandon Ingram",2,2016,11.931,1.506,-0.337,1.496
"284","2023-24","Brandon Ingram",2,2016,11.885,1.469,-0.333,1.51
"285","2020-21","Jaylen Brown",3,2016,12.434,2.981,0.049,3.002
"286","2021-22","Jaylen Brown",3,2016,12.456,2.998,0.057,2.978
"287","2022-23","Jaylen Brown",3,2016,12.471,3.002,0.06,3.014
"288","2023-24","Jaylen Brown",3,2016,12.457,3.007,0.061,3.007
"289","2020-21","Kris Dunn",5,2016,11.634,0.541,-0.067,0.539
"290","2021-22","Kris Dunn",5,2016,11.72,0.534,-0.065,0.53
"291","2022-23","Kris Dunn",5,2016,11.702,0.531,-0.06,0.538
"292","2023-24","Kris Dunn",5,2016,11.649,0.53,-0.068,0.534
"293","2020-21","Buddy Hield",6,2016,13.977,2.242,0.852,2.275
"294","2021-22","Buddy Hield",6,2016,14.034,2.314,0.85,2.222
"295","2022-23","Buddy Hield",6,2016,14.005,2.273,0.846,2.246
"296","2023-24","Buddy Hield",6,2016,14.037,2.3,0.84,2.257
"297","2020-21","Marquese Chriss",8,2016,9.316,0.421,-0.36,0.424
"298","2021-22","Marquese Chriss",8,2016,9.286,0.416,-0.362,0.414
"299","2022-23","Marquese Chriss",8,2016,9.32,0.423,-0.362,0.43
"300","2023-24","Marquese Chriss",8,2016,9.347,0.423,-0.362,0.419
"301","2020-21","Jakob Poeltl",9,2016,16.302,4.07,0.667,4.063
"302","2021-22","Jakob Poeltl",9,2016,16.389,4.107,0.67,4.121
"303","2022-23","Jakob Poeltl",9,2016,16.382,4.096,0.666,4.059
"304","2023-24","Jakob Poeltl",9,2016,16.358,4.082,0.659,4.079
"305","2020-21","Domantas Sabonis",11,2016,15.347,4.481,0.583,4.309
"306","2021-22","Domantas Sabonis",11,2016,15.447,4.417,0.623,4.404
"307","2022-23","Domantas Sabonis",11,2016,15.473,4.389,0.585,4.375
"308","2023-24","Domantas Sabonis",11,2016,15.456,4.394,0.61,4.366
"309","2020-21","Taurean Prince",12,2016,11.509,1.537,0.204,1.539
"310","2021-22","Taurean Prince",12,2016,11.474,1.53,0.198,1.528
"311","2022-23","Taurean Prince",12,2016,11.501,1.543,0.205,1.533
"312","2023-24","Taurean Prince",12,2016,11.505,1.53,0.202,1.534
"313","2020-21","Denzel Valentine",14,2016,9.674,1.54,0.112,1.61
"314","2021-22","Denzel Valentine",14,2016,9.729,1.528,0.102,1.554
"315","2022-23","Denzel Valentine",14,2016,9.689,1.54,0.102,1.541
"316","2023-24","Denzel Valentine",14,2016,9.663,1.553,0.107,1.539
"317","2020-21","Juancho Hernangómez",15,2016,11.378,1.728,0.198,1.739
"318","2021-22","Juancho Hernangómez",15,2016,11.351,1.702,0.201,1.741
"319","2022-23","Juancho Hernangómez",15,2016,11.376,1.747,0.2,1.736
"320","2023-24","Juancho Hernangómez",15,2016,11.354,1.734,0.199,1.724
"321","2020-21","Malik Beasley",19,2016,12.252,1.655,0.276,1.662
"322","2021-22","Malik Beasley",19,2016,12.25,1.648,0.273,1.68
"323","2022-23","Malik Beasley",19,2016,12.335,1.679,0.269,1.688
"324","2023-24","Malik Beasley",19,2016,12.263,1.661,0.275,1.661
"325","2020-21","Caris LeVert",20,2016,13.792,1.931,0.505,1.941
"326","2021-22","Caris LeVert",20,2016,13.76,1.938,0.502,1.929
"327","2022-23","Caris LeVert",20,2016,13.774,1.939,0.503,1.931
"328","2023-24","Caris LeVert",20,2016,13.784,1.94,0.502,1.938
"329","2020-21","DeAndre' Bembry",21,2016,9.118,0.291,-0.201,0.284
"330","2021-22","DeAndre' Bembry",21,2016,9.083,0.273,-0.2,0.263
"331","2022-23","DeAndre' Bembry",21,2016,9.065,0.273,-0.199,0.27
"332","2023-24","DeAndre' Bembry",21,2016,9.073,0.265,-0.199,0.279
"333","2020-21","Timothé Luwawu-Cabarrot",24,2016,7.216,0.401,-0.464,0.401
"334","2021-22","Timothé Luwawu-Cabarrot",24,2016,7.167,0.402,-0.46,0.403
"335","2022-23","Timothé Luwawu-Cabarrot",24,2016,7.202,0.4,-0.456,0.396
"336","2023-24","Timothé Luwawu-Cabarrot",24,2016,7.18,0.405,-0.462,0.398
"337","2020-21","Furkan Korkmaz",26,2016,7.397,0.558,-0.051,0.536
"338","2021-22","Furkan Korkmaz",26,2016,7.464,0.546,-0.051,0.563
"339","2022-23","Furkan Korkmaz",26,2016,7.363,0.553,-0.05,0.566
"340","2023-24","Furkan Korkmaz",26,2016,7.376,0.543,-0.051,0.544
"341","2020-21","Pascal Siakam",27,2016,14.902,5.15,1.384,5.239
"342","2021-22","Pascal Siakam",27,2016,14.924,5.242,1.386,5.175
"343","2022-23","Pascal Siakam",27,2016,14.849,5.156,1.376,5.21
"344","2023-24","Pascal Siakam",27,2016,14.901,5.2,1.375,5.197
"345","2020-21","Dejounte Murray",29,2016,12.344,1.608,0.434,1.533
"346","2021-22","Dejounte Murray",29,2016,12.332,1.601,0.446,1.616
"347","2022-23","Dejounte Murray",29,2016,12.425,1.619,0.44,1.598
"348","2023-24","Dejounte Murray",29,2016,12.342,1.581,0.448,1.623
"349","2020-21","Damian Jones",30,2016,9.213,0.509,-0.003,0.546
"350","2021-22","Damian Jones",30,2016,9.191,0.533,0.003,0.528
"351","2022-23","Damian Jones",30,2016,9.172,0.538,0.001,0.522
"352","2023-24","Damian Jones",30,2016,9.177,0.512,0.002,0.53
"353","2020-21","Ivica Zubac",32,2016,17.828,1.713,0.16,1.724
"354","2021-22","Ivica Zubac",32,2016,17.822,1.709,0.16,1.69
"355","2022-23","Ivica Zubac",32,2016,17.805,1.704,0.159,1.693
"356","2023-24","Ivica Zubac",32,2016,17.802,1.71,0.16,1.708
"357","2020-21","Malcolm Brogdon",36,2016,15.626,4.354,1.011,4.44
"358","2021-22","Malcolm Brogdon",36,2016,15.645,4.422,1.002,4.406
"359","2022-23","Malcolm Brogdon",36,2016,15.65,4.417,1.003,4.415
"360","2023-24","Malcolm Brogdon",36,2016,15.66,4.403,1.005,4.427
"361","2020-21","Jake Layman",47,2016,7.767,0.969,0.039,0.968
"362","2021-22","Jake Layman",47,2016,7.646,0.895,0.043,0.93
"363","2022-23","Jake Layman",47,2016,7.78,0.907,0.038,0.943
"364","2023-24","Jake Layman",47,2016,7.716,0.918,0.038,0.915
"365","2020-21","Georges Niang",50,2016,7.543,0.33,0.028,0.327
"366","2021-22","Georges Niang",50,2016,7.498,0.334,0.029,0.339
"367","2022-23","Georges Niang",50,2016,7.422,0.33,0.028,0.336
"368","2023-24","Georges Niang",50,2016,7.438,0.334,0.033,0.337
"369","2020-21","Abdel Nader",58,2016,6.963,0.393,-0.301,0.407
"370","2021-22","Abdel Nader",58,2016,6.925,0.393,-0.302,0.4
"371","2022-23","Abdel Nader",58,2016,6.936,0.393,-0.3,0.386
"372","2023-24","Abdel Nader",58,2016,6.937,0.388,-0.299,0.393
"373","2020-21","Karl-Anthony Towns",1,2015,24.909,11.342,4.532,11.332
"374","2021-22","Karl-Anthony Towns",1,2015,24.929,11.337,4.545,11.341
"375","2022-23","Karl-Anthony Towns",1,2015,24.905,11.354,4.53,11.325
"376","2023-24","Karl-Anthony Towns",1,2015,24.9,11.329,4.555,11.349
"377","2020-21","D'Angelo Russell",2,2015,15.769,1.677,1.049,1.619
"378","2021-22","D'Angelo Russell",2,2015,15.828,1.691,1.051,1.69
"379","2022-23","D'Angelo Russell",2,2015,15.815,1.686,1.037,1.683
"380","2023-24","D'Angelo Russell",2,2015,15.811,1.648,1.04,1.671
"381","2020-21","Kristaps Porziņģis",4,2015,18.525,4.042,1.436,4.021
"382","2021-22","Kristaps Porziņģis",4,2015,18.489,4.036,1.435,4.047
"383","2022-23","Kristaps Porziņģis",4,2015,18.492,4.031,1.434,4.034
"384","2023-24","Kristaps Porziņģis",4,2015,18.496,4.037,1.435,4.038
"385","2020-21","Willie Cauley-Stein",6,2015,16.79,4.323,0.89,4.343
"386","2021-22","Willie Cauley-Stein",6,2015,16.806,4.305,0.876,4.334
"387","2022-23","Willie Cauley-Stein",6,2015,16.8,4.327,0.873,4.295
"388","2023-24","Willie Cauley-Stein",6,2015,16.8,4.327,0.882,4.346
"389","2020-21","Stanley Johnson",8,2015,8.853,0.648,-0.222,0.656
"390","2021-22","Stanley Johnson",8,2015,8.879,0.653,-0.218,0.65
"391","2022-23","Stanley Johnson",8,2015,8.877,0.662,-0.216,0.643
"392","2023-24","Stanley Johnson",8,2015,8.869,0.647,-0.22,0.648
"393","2020-21","Frank Kaminsky",9,2015,14.2,2.786,0.528,2.744
"394","2021-22","Frank Kaminsky",9,2015,14.168,2.765,0.525,2.748
"395","2022-23","Frank Kaminsky",9,2015,14.139,2.751,0.528,2.752
"396","2023-24","Frank Kaminsky",9,2015,14.177,2.76,0.527,2.758
"397","2020-21","Justise Winslow",10,2015,10.246,1.959,0.122,1.973
"398","2021-22","Justise Winslow",10,2015,10.244,1.957,0.129,1.939
"399","2022-23","Justise Winslow",10,2015,10.246,1.965,0.127,1.919
"400","2023-24","Justise Winslow",10,2015,10.204,1.943,0.128,1.969
"401","2020-21","Myles Turner",11,2015,17.126,5.547,1.323,5.567
"402","2021-22","Myles Turner",11,2015,17.128,5.513,1.318,5.558
"403","2022-23","Myles Turner",11,2015,17.138,5.518,1.33,5.525
"404","2023-24","Myles Turner",11,2015,17.138,5.517,1.331,5.534
"405","2020-21","Trey Lyles",12,2015,12.931,2.039,0.252,2.022
"406","2021-22","Trey Lyles",12,2015,12.984,2.072,0.251,2.047
"407","2022-23","Trey Lyles",12,2015,12.968,2.043,0.251,2.05
"408","2023-24","Trey Lyles",12,2015,12.983,2.04,0.254,2.052
"409","2020-21","Devin Booker",13,2015,16.194,2.46,0.69,2.45
"410","2021-22","Devin Booker",13,2015,16.131,2.439,0.667,2.459
"411","2022-23","Devin Booker",13,2015,16.248,2.451,0.674,2.458
"412","2023-24","Devin Booker",13,2015,16.218,2.446,0.672,2.448
"413","2020-21","Cameron Payne",14,2015,9.915,0.302,-0.114,0.316
"414","2021-22","Cameron Payne",14,2015,9.968,0.31,-0.111,0.309
"415","2022-23","Cameron Payne",14,2015,9.948,0.311,-0.112,0.311
"416","2023-24","Cameron Payne",14,2015,9.93,0.307,-0.11,0.31
"417","2020-21","Kelly Oubre Jr.",15,2015,12.391,1.72,-0.001,1.738
"418","2021-22","Kelly Oubre Jr.",15,2015,12.359,1.73,-0.003,1.755
"419","2022-23","Kelly Oubre Jr.",15,2015,12.316,1.734,-0.001,1.727
"420","2023-24","Kelly Oubre Jr.",15,2015,12.36,1.728,0.001,1.736
"421","2020-21","Terry Rozier",16,2015,10.917,2.511,0.719,2.525
"422","2021-22","Terry Rozier",16,2015,10.968,2.497,0.693,2.442
"423","2022-23","Terry Rozier",16,2015,10.968,2.438,0.71,2.482
"424","2023-24","Terry Rozier",16,2015,11.006,2.494,0.694,2.488
"425","2020-21","Delon Wright",20,2015,16.004,2.465,0.924,2.499
"426","2021-22","Delon Wright",20,2015,15.989,2.449,0.925,2.476
"427","2022-23","Delon Wright",20,2015,15.987,2.476,0.924,2.44
"428","2023-24","Delon Wright",20,2015,15.987,2.504,0.927,2.473
"429","2020-21","Bobby Portis",22,2015,16.149,1.759,0.091,1.745
"430","2021-22","Bobby Portis",22,2015,16.164,1.764,0.104,1.765
"431","2022-23","Bobby Portis",22,2015,16.159,1.759,0.106,1.776
"432","2023-24","Bobby Portis",22,2015,16.173,1.764,0.087,1.773
"433","2020-21","Tyus Jones",24,2015,13.231,2.063,0.516,2.094
"434","2021-22","Tyus Jones",24,2015,13.207,2.101,0.492,2.073
"435","2022-23","Tyus Jones",24,2015,13.216,2.089,0.509,2.091
"436","2023-24","Tyus Jones",24,2015,13.2,2.092,0.507,2.087
"437","2020-21","Larry Nance Jr.",27,2015,18.148,3.706,1.044,3.713
"438","2021-22","Larry Nance Jr.",27,2015,18.149,3.664,1.044,3.723
"439","2022-23","Larry Nance Jr.",27,2015,18.183,3.686,1.057,3.684
"440","2023-24","Larry Nance Jr.",27,2015,18.148,3.696,1.051,3.714
"441","2020-21","Kevon Looney",30,2015,16.098,2.539,0.327,2.629
"442","2021-22","Kevon Looney",30,2015,16.066,2.572,0.328,2.587
"443","2022-23","Kevon Looney",30,2015,16.09,2.569,0.325,2.595
"444","2023-24","Kevon Looney",30,2015,16.072,2.577,0.326,2.575
"445","2020-21","Cedi Osman",31,2015,11.249,1.213,-0.439,1.198
"446","2021-22","Cedi Osman",31,2015,11.253,1.208,-0.437,1.203
"447","2022-23","Cedi Osman",31,2015,11.253,1.204,-0.44,1.213
"448","2023-24","Cedi Osman",31,2015,11.25,1.207,-0.439,1.206
"449","2020-21","Montrezl Harrell",32,2015,20.456,4.782,1.377,4.733
"450","2021-22","Montrezl Harrell",32,2015,20.553,4.825,1.395,4.796
"451","2022-23","Montrezl Harrell",32,2015,20.525,4.797,1.378,4.78
"452","2023-24","Montrezl Harrell",32,2015,20.524,4.788,1.373,4.773
"453","2020-21","Willy Hernangómez",35,2015,20.52,1.931,0.362,1.91
"454","2021-22","Willy Hernangómez",35,2015,20.485,1.922,0.364,1.898
"455","2022-23","Willy Hernangómez",35,2015,20.506,1.901,0.359,1.911
"456","2023-24","Willy Hernangómez",35,2015,20.495,1.927,0.363,1.907
"457","2020-21","Richaun Holmes",37,2015,18.156,3.093,0.597,3.091
"458","2021-22","Richaun Holmes",37,2015,18.181,3.081,0.598,3.107
"459","2022-23","Richaun Holmes",37,2015,18.196,3.111,0.596,3.071
"460","2023-24","Richaun Holmes",37,2015,18.184,3.086,0.599,3.09
"461","2020-21","Josh Richardson",40,2015,12.449,3.923,1.057,3.955
"462","2021-22","Josh Richardson",40,2015,12.426,3.937,1.062,3.936
"463","2022-23","Josh Richardson",40,2015,12.409,3.897,1.047,3.932
"464","2023-24","Josh Richardson",40,2015,12.421,3.921,1.046,3.908
"465","2020-21","Pat Connaughton",41,2015,9.813,1.671,0.257,1.707
"466","2021-22","Pat Connaughton",41,2015,9.712,1.689,0.25,1.669
"467","2022-23","Pat Connaughton",41,2015,9.764,1.699,0.249,1.701
"468","2023-24","Pat Connaughton",41,2015,9.779,1.69,0.26,1.693
"469","2020-21","Norman Powell",46,2015,12.259,1.867,0.232,1.854
"470","2021-22","Norman Powell",46,2015,12.264,1.855,0.22,1.861
"471","2022-23","Norman Powell",46,2015,12.269,1.861,0.224,1.858
"472","2023-24","Norman Powell",46,2015,12.252,1.865,0.225,1.845
"473","2020-21","Andrew Wiggins",1,2014,14.465,2.617,-0.107,2.622
"474","2021-22","Andrew Wiggins",1,2014,14.449,2.594,-0.096,2.603
"475","2022-23","Andrew Wiggins",1,2014,14.436,2.64,-0.1,2.618
"476","2023-24","Andrew Wiggins",1,2014,14.435,2.613,-0.095,2.631
"477","2020-21","Jabari Parker",2,2014,16.096,1.854,0.299,1.838
"478","2021-22","Jabari Parker",2,2014,16.117,1.837,0.302,1.847
"479","2022-23","Jabari Parker",2,2014,16.094,1.842,0.306,1.861
"480","2023-24","Jabari Parker",2,2014,16.087,1.843,0.301,1.835
"481","2020-21","Joel Embiid",3,2014,24.347,5.651,2.588,5.659
"482","2021-22","Joel Embiid",3,2014,24.362,5.665,2.577,5.618
"483","2022-23","Joel Embiid",3,2014,24.368,5.588,2.559,5.655
"484","2023-24","Joel Embiid",3,2014,24.364,5.585,2.574,5.646
"485","2020-21","Aaron Gordon",4,2014,14.874,3.606,0.921,3.618
"486","2021-22","Aaron Gordon",4,2014,14.876,3.606,0.917,3.617
"487","2022-23","Aaron Gordon",4,2014,14.896,3.601,0.929,3.576
"488","2023-24","Aaron Gordon",4,2014,14.931,3.604,0.916,3.655
"489","2020-21","Marcus Smart",6,2014,11.647,3.212,0.655,3.262
"490","2021-22","Marcus Smart",6,2014,11.648,3.26,0.663,3.252
"491","2022-23","Marcus Smart",6,2014,11.645,3.238,0.666,3.238
"492","2023-24","Marcus Smart",6,2014,11.659,3.244,0.661,3.237
"493","2020-21","Julius Randle",7,2014,12.413,3.518,0.671,3.559
"494","2021-22","Julius Randle",7,2014,12.587,3.538,0.662,3.575
"495","2022-23","Julius Randle",7,2014,12.867,3.522,0.657,3.521
"496","2023-24","Julius Randle",7,2014,12.658,3.531,0.674,3.505
"497","2020-21","Elfrid Payton",10,2014,15.235,2.279,0.63,2.285
"498","2021-22","Elfrid Payton",10,2014,15.232,2.299,0.627,2.289
"499","2022-23","Elfrid Payton",10,2014,15.248,2.28,0.621,2.303
"500","2023-24","Elfrid Payton",10,2014,15.216,2.287,0.629,2.294
"501","2020-21","Doug McDermott",11,2014,10.178,1.718,-0.101,1.714
"502","2021-22","Doug McDermott",11,2014,10.154,1.723,-0.1,1.722
"503","2022-23","Doug McDermott",11,2014,10.159,1.729,-0.099,1.734
"504","2023-24","Doug McDermott",11,2014,10.175,1.722,-0.1,1.719
"505","2020-21","Zach LaVine",13,2014,14.646,1.615,0.265,1.643
"506","2021-22","Zach LaVine",13,2014,14.778,1.606,0.269,1.603
"507","2022-23","Zach LaVine",13,2014,14.722,1.602,0.252,1.617
"508","2023-24","Zach LaVine",13,2014,14.745,1.609,0.251,1.601
"509","2020-21","Jusuf Nurkić",16,2014,18.184,2.679,0.625,2.682
"510","2021-22","Jusuf Nurkić",16,2014,18.12,2.655,0.624,2.639
"511","2022-23","Jusuf Nurkić",16,2014,18.179,2.679,0.623,2.691
"512","2023-24","Jusuf Nurkić",16,2014,18.132,2.652,0.627,2.643
"513","2020-21","Gary Harris",19,2014,12.493,3.197,0.626,3.186
"514","2021-22","Gary Harris",19,2014,12.57,3.209,0.629,3.178
"515","2022-23","Gary Harris",19,2014,12.483,3.197,0.641,3.197
"516","2023-24","Gary Harris",19,2014,12.532,3.211,0.629,3.206
"517","2020-21","Rodney Hood",23,2014,12.995,2.412,0.443,2.376
"518","2021-22","Rodney Hood",23,2014,13.005,2.38,0.44,2.356
"519","2022-23","Rodney Hood",23,2014,13.001,2.375,0.442,2.367
"520","2023-24","Rodney Hood",23,2014,13.003,2.378,0.44,2.384
"521","2020-21","Clint Capela",25,2014,19.981,6.271,1.467,6.239
"522","2021-22","Clint Capela",25,2014,20.036,6.227,1.455,6.319
"523","2022-23","Clint Capela",25,2014,20.047,6.31,1.476,6.275
"524","2023-24","Clint Capela",25,2014,19.99,6.257,1.453,6.266
"525","2020-21","Bogdan Bogdanović",27,2014,13.801,2.799,0.498,2.804
"526","2021-22","Bogdan Bogdanović",27,2014,13.796,2.803,0.502,2.798
"527","2022-23","Bogdan Bogdanović",27,2014,13.798,2.801,0.501,2.8
"528","2023-24","Bogdan Bogdanović",27,2014,13.798,2.801,0.504,2.8
"529","2020-21","Kyle Anderson",30,2014,12.458,3.1,1.119,3.087
"530","2021-22","Kyle Anderson",30,2014,12.456,3.107,1.117,3.093
"531","2022-23","Kyle Anderson",30,2014,12.466,3.115,1.112,3.085
"532","2023-24","Kyle Anderson",30,2014,12.455,3.091,1.109,3.08
"533","2020-21","Joe Harris",33,2014,8.872,2.141,0.345,2.085
"534","2021-22","Joe Harris",33,2014,8.947,2.124,0.326,2.093
"535","2022-23","Joe Harris",33,2014,8.953,2.082,0.326,2.084
"536","2023-24","Joe Harris",33,2014,8.941,2.112,0.328,2.106
"537","2020-21","Spencer Dinwiddie",38,2014,12.821,2.733,0.575,2.676
"538","2021-22","Spencer Dinwiddie",38,2014,12.803,2.675,0.591,2.667
"539","2022-23","Spencer Dinwiddie",38,2014,12.79,2.69,0.598,2.691
"540","2023-24","Spencer Dinwiddie",38,2014,12.78,2.706,0.595,2.69
"541","2020-21","Jerami Grant",39,2014,10.657,3.044,0.389,3.025
"542","2021-22","Jerami Grant",39,2014,10.636,2.972,0.388,2.998
"543","2022-23","Jerami Grant",39,2014,10.63,2.987,0.39,2.972
"544","2023-24","Jerami Grant",39,2014,10.643,2.986,0.386,2.989
"545","2020-21","Nikola Jokić",41,2014,24.626,9.776,4.959,9.734
"546","2021-22","Nikola Jokić",41,2014,24.66,9.741,4.946,9.749
"547","2022-23","Nikola Jokić",41,2014,24.619,9.73,4.996,9.759
"548","2023-24","Nikola Jokić",41,2014,24.66,9.761,4.996,9.693
"549","2020-21","Dwight Powell",45,2014,19.343,3.273,0.728,3.337
"550","2021-22","Dwight Powell",45,2014,19.28,3.311,0.742,3.325
"551","2022-23","Dwight Powell",45,2014,19.401,3.296,0.748,3.266
"552","2023-24","Dwight Powell",45,2014,19.323,3.284,0.737,3.324
"553","2020-21","Jordan Clarkson",46,2014,15.714,1.94,0.503,1.961
"554","2021-22","Jordan Clarkson",46,2014,15.699,1.942,0.494,1.945
"555","2022-23","Jordan Clarkson",46,2014,15.696,1.943,0.501,1.935
"556","2023-24","Jordan Clarkson",46,2014,15.715,1.947,0.502,1.953
"557","2020-21","Thanasis Antetokounmpo",51,2014,16.867,0,0,0
"558","2021-22","Thanasis Antetokounmpo",51,2014,24.507,0,0,0
"559","2022-23","Thanasis Antetokounmpo",51,2014,24.919,0,0,0
"560","2023-24","Thanasis Antetokounmpo",51,2014,24.954,0,0,0
"561","2020-21","Victor Oladipo",2,2013,16.76,4.034,1.83,3.949
"562","2021-22","Victor Oladipo",2,2013,16.738,4.025,1.789,4.059
"563","2022-23","Victor Oladipo",2,2013,16.768,4.033,1.839,4.007
"564","2023-24","Victor Oladipo",2,2013,16.723,4.055,1.82,4.014
"565","2020-21","Otto Porter Jr.",3,2013,14.557,4.022,1.465,4.047
"566","2021-22","Otto Porter Jr.",3,2013,14.57,4.02,1.426,4.038
"567","2022-23","Otto Porter Jr.",3,2013,14.56,4.023,1.422,4.044
"568","2023-24","Otto Porter Jr.",3,2013,14.563,4.011,1.423,4.032
"569","2020-21","Cody Zeller",4,2013,15.535,4.002,0.531,4.025
"570","2021-22","Cody Zeller",4,2013,15.528,4.01,0.533,4.009
"571","2022-23","Cody Zeller",4,2013,15.506,4.003,0.53,4.019
"572","2023-24","Cody Zeller",4,2013,15.529,4.022,0.527,4.014
"573","2020-21","Alex Len",5,2013,14.06,2.62,-0.043,2.625
"574","2021-22","Alex Len",5,2013,14.142,2.6,-0.052,2.602
"575","2022-23","Alex Len",5,2013,14.072,2.614,-0.053,2.601
"576","2023-24","Alex Len",5,2013,14.14,2.612,-0.048,2.617
"577","2020-21","Nerlens Noel",6,2013,18.227,2.947,0.803,2.918
"578","2021-22","Nerlens Noel",6,2013,18.247,2.931,0.798,2.943
"579","2022-23","Nerlens Noel",6,2013,18.263,2.947,0.796,2.942
"580","2023-24","Nerlens Noel",6,2013,18.236,2.945,0.802,2.949
"581","2020-21","Ben McLemore",7,2013,9.429,0.783,-0.532,0.806
"582","2021-22","Ben McLemore",7,2013,9.438,0.778,-0.536,0.782
"583","2022-23","Ben McLemore",7,2013,9.44,0.795,-0.537,0.78
"584","2023-24","Ben McLemore",7,2013,9.446,0.784,-0.531,0.795
"585","2020-21","Kentavious Caldwell-Pope",8,2013,11.983,3.956,0.75,3.973
"586","2021-22","Kentavious Caldwell-Pope",8,2013,11.997,3.94,0.748,3.961
"587","2022-23","Kentavious Caldwell-Pope",8,2013,11.978,3.973,0.754,3.952
"588","2023-24","Kentavious Caldwell-Pope",8,2013,11.996,3.953,0.753,3.947
"589","2020-21","Trey Burke",9,2013,15.12,1.517,0.274,1.507
"590","2021-22","Trey Burke",9,2013,15.16,1.505,0.277,1.523
"591","2022-23","Trey Burke",9,2013,15.128,1.503,0.277,1.517
"592","2023-24","Trey Burke",9,2013,15.13,1.508,0.276,1.516
"593","2020-21","CJ McCollum",10,2013,15.58,4.615,1.573,4.675
"594","2021-22","CJ McCollum",10,2013,15.614,4.654,1.598,4.643
"595","2022-23","CJ McCollum",10,2013,15.635,4.633,1.581,4.66
"596","2023-24","CJ McCollum",10,2013,15.652,4.656,1.575,4.68
"597","2020-21","Steven Adams",12,2013,16.08,6.428,1.087,6.502
"598","2021-22","Steven Adams",12,2013,16.077,6.44,1.084,6.432
"599","2022-23","Steven Adams",12,2013,16.057,6.469,1.066,6.469
"600","2023-24","Steven Adams",12,2013,16.118,6.483,1.078,6.431
"601","2020-21","Kelly Olynyk",13,2013,15.799,4.17,1.081,4.133
"602","2021-22","Kelly Olynyk",13,2013,15.797,4.155,1.078,4.149
"603","2022-23","Kelly Olynyk",13,2013,15.813,4.153,1.084,4.148
"604","2023-24","Kelly Olynyk",13,2013,15.813,4.17,1.086,4.152
"605","2020-21","Giannis Antetokounmpo",15,2013,21.502,8.841,3.94,8.848
"606","2021-22","Giannis Antetokounmpo",15,2013,21.25,8.772,3.921,8.819
"607","2022-23","Giannis Antetokounmpo",15,2013,21.551,8.893,3.99,8.933
"608","2023-24","Giannis Antetokounmpo",15,2013,21.44,8.852,3.978,8.841
"609","2020-21","Dennis Schröder",17,2013,13.784,2.199,0.305,2.205
"610","2021-22","Dennis Schröder",17,2013,13.901,2.193,0.303,2.191
"611","2022-23","Dennis Schröder",17,2013,13.859,2.19,0.297,2.19
"612","2023-24","Dennis Schröder",17,2013,13.834,2.179,0.305,2.205
"613","2020-21","Tony Snell",20,2013,8.919,2.242,-0.015,2.211
"614","2021-22","Tony Snell",20,2013,8.922,2.233,-0.011,2.246
"615","2022-23","Tony Snell",20,2013,8.915,2.236,-0.018,2.23
"616","2023-24","Tony Snell",20,2013,8.924,2.237,-0.01,2.23
"617","2020-21","Gorgui Dieng",21,2013,16.316,4.038,0.865,4.105
"618","2021-22","Gorgui Dieng",21,2013,16.312,4.058,0.866,4.062
"619","2022-23","Gorgui Dieng",21,2013,16.315,4.036,0.863,4.067
"620","2023-24","Gorgui Dieng",21,2013,16.309,4.058,0.866,4.045
"621","2020-21","Mason Plumlee",22,2013,17.792,4.623,1.342,4.606
"622","2021-22","Mason Plumlee",22,2013,17.77,4.634,1.355,4.611
"623","2022-23","Mason Plumlee",22,2013,17.773,4.616,1.358,4.607
"624","2023-24","Mason Plumlee",22,2013,17.786,4.62,1.355,4.62
"625","2020-21","Solomon Hill",23,2013,8.248,1.515,0.003,1.5
"626","2021-22","Solomon Hill",23,2013,8.266,1.519,-0.001,1.515
"627","2022-23","Solomon Hill",23,2013,8.257,1.545,-0.002,1.515
"628","2023-24","Solomon Hill",23,2013,8.253,1.54,0,1.508
"629","2020-21","Tim Hardaway Jr.",24,2013,13.215,2.107,0.265,2.103
"630","2021-22","Tim Hardaway Jr.",24,2013,13.224,2.109,0.266,2.103
"631","2022-23","Tim Hardaway Jr.",24,2013,13.218,2.109,0.265,2.118
"632","2023-24","Tim Hardaway Jr.",24,2013,13.209,2.128,0.264,2.118
"633","2020-21","Reggie Bullock",25,2013,8.592,1.288,0.238,1.313
"634","2021-22","Reggie Bullock",25,2013,8.676,1.304,0.241,1.295
"635","2022-23","Reggie Bullock",25,2013,8.635,1.289,0.243,1.299
"636","2023-24","Reggie Bullock",25,2013,8.609,1.304,0.238,1.284
"637","2020-21","Rudy Gobert",27,2013,20.115,8.777,2.816,8.833
"638","2021-22","Rudy Gobert",27,2013,20.11,8.853,2.798,8.77
"639","2022-23","Rudy Gobert",27,2013,20.121,8.833,2.823,8.834
"640","2023-24","Rudy Gobert",27,2013,20.138,8.795,2.839,8.853
"641","2020-21","Mike Muscala",44,2013,13.09,1.812,0.314,1.798
"642","2021-22","Mike Muscala",44,2013,13.103,1.809,0.309,1.809
"643","2022-23","Mike Muscala",44,2013,13.148,1.824,0.31,1.817
"644","2023-24","Mike Muscala",44,2013,13.089,1.812,0.311,1.803
"645","2020-21","Raul Neto",47,2013,11.594,1.118,0.126,1.124
"646","2021-22","Raul Neto",47,2013,11.572,1.132,0.126,1.13
"647","2022-23","Raul Neto",47,2013,11.588,1.132,0.124,1.122
"648","2023-24","Raul Neto",47,2013,11.584,1.13,0.125,1.124
"649","2020-21","James Ennis III",50,2013,12.152,1.501,0.156,1.5
"650","2021-22","James Ennis III",50,2013,12.131,1.502,0.157,1.508
"651","2022-23","James Ennis III",50,2013,12.144,1.52,0.157,1.508
"652","2023-24","James Ennis III",50,2013,12.173,1.513,0.158,1.497
"653","2020-21","Anthony Davis",1,2012,27.225,10.261,4.65,10.312
"654","2021-22","Anthony Davis",1,2012,27.245,10.283,4.657,10.247
"655","2022-23","Anthony Davis",1,2012,27.241,10.314,4.676,10.303
"656","2023-24","Anthony Davis",1,2012,27.214,10.266,4.643,10.282
"657","2020-21","Bradley Beal",3,2012,16.706,5.184,2.038,5.196
"658","2021-22","Bradley Beal",3,2012,16.665,5.185,2.061,5.185
"659","2022-23","Bradley Beal",3,2012,16.683,5.166,2.042,5.213
"660","2023-24","Bradley Beal",3,2012,16.687,5.204,2.046,5.18
"661","2020-21","Damian Lillard",6,2012,21.591,10.003,4.581,10.041
"662","2021-22","Damian Lillard",6,2012,21.604,10.025,4.555,10.059
"663","2022-23","Damian Lillard",6,2012,21.588,10.013,4.567,10.056
"664","2023-24","Damian Lillard",6,2012,21.552,10.069,4.571,10.011
"665","2020-21","Harrison Barnes",7,2012,12.994,3.686,0.496,3.671
"666","2021-22","Harrison Barnes",7,2012,13.028,3.692,0.491,3.678
"667","2022-23","Harrison Barnes",7,2012,13.005,3.686,0.488,3.693
"668","2023-24","Harrison Barnes",7,2012,12.954,3.69,0.491,3.695
"669","2020-21","Terrence Ross",8,2012,12.349,2.543,0.595,2.553
"670","2021-22","Terrence Ross",8,2012,12.362,2.497,0.604,2.523
"671","2022-23","Terrence Ross",8,2012,12.367,2.507,0.6,2.524
"672","2023-24","Terrence Ross",8,2012,12.351,2.53,0.605,2.524
"673","2020-21","Andre Drummond",9,2012,22,8.104,2.118,8.06
"674","2021-22","Andre Drummond",9,2012,22.003,8.078,2.115,8.13
"675","2022-23","Andre Drummond",9,2012,22.008,8.076,2.114,8.039
"676","2023-24","Andre Drummond",9,2012,21.997,8.063,2.104,8.079
"677","2020-21","Austin Rivers",10,2012,9.672,1.051,-0.444,1.078
"678","2021-22","Austin Rivers",10,2012,9.687,1.071,-0.432,1.072
"679","2022-23","Austin Rivers",10,2012,9.666,1.055,-0.438,1.053
"680","2023-24","Austin Rivers",10,2012,9.663,1.052,-0.437,1.058
"681","2020-21","Jeremy Lamb",12,2012,15.219,2.975,0.93,2.94
"682","2021-22","Jeremy Lamb",12,2012,15.242,2.955,0.939,2.973
"683","2022-23","Jeremy Lamb",12,2012,15.231,2.996,0.936,2.959
"684","2023-24","Jeremy Lamb",12,2012,15.225,2.995,0.933,2.97
"685","2020-21","Maurice Harkless",15,2012,12.138,2.759,0.609,2.731
"686","2021-22","Maurice Harkless",15,2012,12.154,2.766,0.612,2.747
"687","2022-23","Maurice Harkless",15,2012,12.142,2.743,0.607,2.747
"688","2023-24","Maurice Harkless",15,2012,12.157,2.746,0.615,2.733
"689","2020-21","Evan Fournier",20,2012,13.249,2.791,0.245,2.786
"690","2021-22","Evan Fournier",20,2012,13.259,2.799,0.248,2.78
"691","2022-23","Evan Fournier",20,2012,13.26,2.787,0.24,2.8
"692","2023-24","Evan Fournier",20,2012,13.236,2.797,0.24,2.803
"693","2020-21","Tomáš Satoranský",32,2012,12.619,3.429,0.641,3.475
"694","2021-22","Tomáš Satoranský",32,2012,12.628,3.483,0.641,3.469
"695","2022-23","Tomáš Satoranský",32,2012,12.632,3.447,0.634,3.496
"696","2023-24","Tomáš Satoranský",32,2012,12.623,3.465,0.633,3.451
"697","2020-21","Jae Crowder",34,2012,12.457,3.232,0.726,3.229
"698","2021-22","Jae Crowder",34,2012,12.457,3.185,0.707,3.19
"699","2022-23","Jae Crowder",34,2012,12.457,3.199,0.716,3.165
"700","2023-24","Jae Crowder",34,2012,12.451,3.212,0.716,3.174
"701","2020-21","Draymond Green",35,2012,14.447,6.174,2.758,6.216
"702","2021-22","Draymond Green",35,2012,14.442,6.173,2.737,6.159
"703","2022-23","Draymond Green",35,2012,14.475,6.205,2.739,6.203
"704","2023-24","Draymond Green",35,2012,14.415,6.255,2.745,6.204
"705","2020-21","Khris Middleton",39,2012,15.015,4.45,1.08,4.421
"706","2021-22","Khris Middleton",39,2012,14.996,4.454,1.074,4.476
"707","2022-23","Khris Middleton",39,2012,15.046,4.415,1.072,4.429
"708","2023-24","Khris Middleton",39,2012,15.042,4.438,1.075,4.425
"709","2020-21","Will Barton",40,2012,13.251,1.966,0.577,1.938
"710","2021-22","Will Barton",40,2012,13.252,1.982,0.57,1.95
"711","2022-23","Will Barton",40,2012,13.224,1.964,0.573,1.949
"712","2023-24","Will Barton",40,2012,13.232,1.949,0.575,1.931
"713","2020-21","Kyrie Irving",1,2011,22.075,7.316,3.443,7.248
"714","2021-22","Kyrie Irving",1,2011,22.066,7.363,3.448,7.302
"715","2022-23","Kyrie Irving",1,2011,22.078,7.327,3.456,7.318
"716","2023-24","Kyrie Irving",1,2011,22.079,7.315,3.457,7.322
"717","2020-21","Enes Freedom",3,2011,20.782,4.303,0.592,4.275
"718","2021-22","Enes Freedom",3,2011,20.816,4.297,0.594,4.274
"719","2022-23","Enes Freedom",3,2011,20.86,4.285,0.594,4.302
"720","2023-24","Enes Freedom",3,2011,20.785,4.308,0.604,4.267
"721","2020-21","Tristan Thompson",4,2011,15.379,5.029,0.198,5.011
"722","2021-22","Tristan Thompson",4,2011,15.41,5.006,0.187,5.024
"723","2022-23","Tristan Thompson",4,2011,15.385,4.999,0.187,5.001
"724","2023-24","Tristan Thompson",4,2011,15.405,4.978,0.186,4.997
"725","2020-21","Jonas Valančiūnas",5,2011,21.226,5.541,1.007,5.452
"726","2021-22","Jonas Valančiūnas",5,2011,21.165,5.495,1.007,5.5
"727","2022-23","Jonas Valančiūnas",5,2011,21.191,5.5,1.002,5.529
"728","2023-24","Jonas Valančiūnas",5,2011,21.171,5.51,1.008,5.493
"729","2020-21","Bismack Biyombo",7,2011,13.071,2.853,-0.231,2.868
"730","2021-22","Bismack Biyombo",7,2011,13.07,2.871,-0.242,2.865
"731","2022-23","Bismack Biyombo",7,2011,13.116,2.872,-0.234,2.86
"732","2023-24","Bismack Biyombo",7,2011,13.089,2.864,-0.231,2.843
"733","2020-21","Kemba Walker",9,2011,19.045,6.134,3.104,6.112
"734","2021-22","Kemba Walker",9,2011,19.054,6.076,3.077,6.097
"735","2022-23","Kemba Walker",9,2011,19.087,6.099,3.115,6.099
"736","2023-24","Kemba Walker",9,2011,19.063,6.079,3.103,6.074
"737","2020-21","Alec Burks",12,2011,12.785,1.346,0.156,1.326
"738","2021-22","Alec Burks",12,2011,12.79,1.334,0.152,1.333
"739","2022-23","Alec Burks",12,2011,12.789,1.333,0.154,1.339
"740","2023-24","Alec Burks",12,2011,12.779,1.331,0.153,1.332
"741","2020-21","Markieff Morris",13,2011,13.113,2.143,0.196,2.163
"742","2021-22","Markieff Morris",13,2011,13.119,2.169,0.211,2.154
"743","2022-23","Markieff Morris",13,2011,13.078,2.172,0.201,2.13
"744","2023-24","Markieff Morris",13,2011,13.099,2.134,0.203,2.152
"745","2020-21","Marcus Morris",14,2011,11.829,2.866,0.513,2.876
"746","2021-22","Marcus Morris",14,2011,11.863,2.848,0.526,2.868
"747","2022-23","Marcus Morris",14,2011,11.784,2.888,0.525,2.874
"748","2023-24","Marcus Morris",14,2011,11.818,2.873,0.517,2.842
"749","2020-21","Nikola Vučević",16,2011,19.77,5.25,1.882,5.243
"750","2021-22","Nikola Vučević",16,2011,19.734,5.269,1.864,5.254
"751","2022-23","Nikola Vučević",16,2011,19.749,5.242,1.88,5.214
"752","2023-24","Nikola Vučević",16,2011,19.689,5.225,1.866,5.218
"753","2020-21","Tobias Harris",19,2011,16.357,3.867,1.268,3.854
"754","2021-22","Tobias Harris",19,2011,16.365,3.875,1.271,3.913
"755","2022-23","Tobias Harris",19,2011,16.349,3.906,1.272,3.864
"756","2023-24","Tobias Harris",19,2011,16.363,3.877,1.273,3.907
"757","2020-21","Reggie Jackson",24,2011,15.694,3.308,1.016,3.316
"758","2021-22","Reggie Jackson",24,2011,15.722,3.286,1.019,3.313
"759","2022-23","Reggie Jackson",24,2011,15.698,3.302,1.027,3.29
"760","2023-24","Reggie Jackson",24,2011,15.671,3.318,1.012,3.313
"761","2020-21","Cory Joseph",29,2011,12.283,2.704,0.478,2.706
"762","2021-22","Cory Joseph",29,2011,12.245,2.721,0.484,2.746
"763","2022-23","Cory Joseph",29,2011,12.23,2.724,0.485,2.722
"764","2023-24","Cory Joseph",29,2011,12.271,2.726,0.483,2.708
"765","2020-21","Jimmy Butler",30,2011,19.444,7.457,2.97,7.403
"766","2021-22","Jimmy Butler",30,2011,19.568,7.41,2.919,7.374
"767","2022-23","Jimmy Butler",30,2011,19.486,7.418,2.948,7.414
"768","2023-24","Jimmy Butler",30,2011,19.47,7.378,2.938,7.448
"769","2020-21","Bojan Bogdanović",31,2011,13.337,3.066,0.224,3.056
"770","2021-22","Bojan Bogdanović",31,2011,13.391,3.071,0.233,3.078
"771","2022-23","Bojan Bogdanović",31,2011,13.328,3.062,0.237,3.068
"772","2023-24","Bojan Bogdanović",31,2011,13.34,3.032,0.219,3.059
"773","2020-21","Dāvis Bertāns",42,2011,13.327,3.147,1.032,3.152
"774","2021-22","Dāvis Bertāns",42,2011,13.32,3.144,1.028,3.129
"775","2022-23","Dāvis Bertāns",42,2011,13.32,3.15,1.029,3.134
"776","2023-24","Dāvis Bertāns",42,2011,13.331,3.142,1.029,3.14
"777","2020-21","Isaiah Thomas",60,2011,17.52,4.273,1.577,4.182
"778","2021-22","Isaiah Thomas",60,2011,17.497,4.327,1.557,4.245
"779","2022-23","Isaiah Thomas",60,2011,17.568,4.211,1.526,4.326
"780","2023-24","Isaiah Thomas",60,2011,17.573,4.295,1.554,4.273
"781","2020-21","Derrick Favors",3,2010,17.824,4.752,1.042,4.799
"782","2021-22","Derrick Favors",3,2010,17.865,4.779,1.028,4.812
"783","2022-23","Derrick Favors",3,2010,17.864,4.71,1.022,4.754
"784","2023-24","Derrick Favors",3,2010,17.851,4.752,1.032,4.763
"785","2020-21","DeMarcus Cousins",5,2010,22.801,4.699,2.432,4.676
"786","2021-22","DeMarcus Cousins",5,2010,22.848,4.702,2.472,4.697
"787","2022-23","DeMarcus Cousins",5,2010,22.825,4.677,2.419,4.688
"788","2023-24","DeMarcus Cousins",5,2010,22.828,4.687,2.447,4.694
"789","2020-21","Gordon Hayward",9,2010,15.9,5.323,2.084,5.327
"790","2021-22","Gordon Hayward",9,2010,15.849,5.3,2.105,5.378
"791","2022-23","Gordon Hayward",9,2010,15.87,5.335,2.108,5.385
"792","2023-24","Gordon Hayward",9,2010,15.871,5.382,2.102,5.373
"793","2020-21","Paul George",10,2010,18.056,7.263,3.472,7.242
"794","2021-22","Paul George",10,2010,18.062,7.243,3.503,7.318
"795","2022-23","Paul George",10,2010,18.035,7.245,3.469,7.252
"796","2023-24","Paul George",10,2010,18.076,7.212,3.485,7.33
"797","2020-21","Ed Davis",13,2010,16.535,4.218,0.647,4.245
"798","2021-22","Ed Davis",13,2010,16.554,4.258,0.653,4.242
"799","2022-23","Ed Davis",13,2010,16.538,4.246,0.644,4.242
"800","2023-24","Ed Davis",13,2010,16.541,4.248,0.646,4.246
"801","2020-21","Eric Bledsoe",18,2010,17.203,3.887,1.751,3.846
"802","2021-22","Eric Bledsoe",18,2010,17.296,3.886,1.764,3.918
"803","2022-23","Eric Bledsoe",18,2010,17.275,3.863,1.785,3.862
"804","2023-24","Eric Bledsoe",18,2010,17.277,3.879,1.786,3.873
"805","2020-21","Avery Bradley",19,2010,10.076,1.151,-0.164,1.154
"806","2021-22","Avery Bradley",19,2010,10.033,1.164,-0.16,1.137
"807","2022-23","Avery Bradley",19,2010,9.988,1.127,-0.159,1.149
"808","2023-24","Avery Bradley",19,2010,10.02,1.136,-0.16,1.151
"809","2020-21","Hassan Whiteside",33,2010,17.056,5.311,1.501,5.253
"810","2021-22","Hassan Whiteside",33,2010,17.339,5.225,1.529,5.285
"811","2022-23","Hassan Whiteside",33,2010,17.08,5.266,1.54,5.218
"812","2023-24","Hassan Whiteside",33,2010,17.203,5.307,1.529,5.27
"813","2020-21","Nemanja Bjelica",35,2010,12.593,2.667,0.612,2.683
"814","2021-22","Nemanja Bjelica",35,2010,12.577,2.651,0.604,2.651
"815","2022-23","Nemanja Bjelica",35,2010,12.547,2.662,0.602,2.687
"816","2023-24","Nemanja Bjelica",35,2010,12.547,2.684,0.601,2.678
"817","2020-21","Blake Griffin",1,2009,21.691,7.198,3.158,7.301
"818","2021-22","Blake Griffin",1,2009,21.705,7.295,3.156,7.255
"819","2022-23","Blake Griffin",1,2009,21.683,7.273,3.156,7.274
"820","2023-24","Blake Griffin",1,2009,21.687,7.344,3.155,7.295
"821","2020-21","James Harden",3,2009,23.778,12.146,5.764,12.221
"822","2021-22","James Harden",3,2009,23.758,12.137,5.756,12.171
"823","2022-23","James Harden",3,2009,23.751,12.166,5.739,12.169
"824","2023-24","James Harden",3,2009,23.693,12.192,5.75,12.155
"825","2020-21","Ricky Rubio",5,2009,15.663,4.064,1.432,4.036
"826","2021-22","Ricky Rubio",5,2009,15.664,4.027,1.418,4.032
"827","2022-23","Ricky Rubio",5,2009,15.654,4.023,1.429,4.02
"828","2023-24","Ricky Rubio",5,2009,15.637,4.034,1.434,4.037
"829","2020-21","Stephen Curry",7,2009,23.931,10.414,5.111,10.364
"830","2021-22","Stephen Curry",7,2009,23.902,10.273,5.085,10.253
"831","2022-23","Stephen Curry",7,2009,23.889,10.271,5.05,10.325
"832","2023-24","Stephen Curry",7,2009,23.93,10.3,5.084,10.337
"833","2020-21","DeMar DeRozan",9,2009,17.604,5.978,1.437,6.023
"834","2021-22","DeMar DeRozan",9,2009,17.641,5.989,1.474,5.995
"835","2022-23","DeMar DeRozan",9,2009,17.652,6.066,1.491,5.985
"836","2023-24","DeMar DeRozan",9,2009,17.617,6.026,1.463,6.004
"837","2020-21","James Johnson",16,2009,13.402,2.03,0.772,1.983
"838","2021-22","James Johnson",16,2009,13.453,1.997,0.753,2.023
"839","2022-23","James Johnson",16,2009,13.437,2.016,0.755,1.991
"840","2023-24","James Johnson",16,2009,13.406,2.011,0.754,2.037
"841","2020-21","Jrue Holiday",17,2009,16.862,3.9,1.699,3.903
"842","2021-22","Jrue Holiday",17,2009,16.902,3.867,1.712,3.884
"843","2022-23","Jrue Holiday",17,2009,16.914,3.911,1.713,3.932
"844","2023-24","Jrue Holiday",17,2009,16.901,3.88,1.706,3.899
"845","2020-21","Taj Gibson",26,2009,15.385,4.481,0.517,4.494
"846","2021-22","Taj Gibson",26,2009,15.377,4.501,0.517,4.495
"847","2022-23","Taj Gibson",26,2009,15.396,4.506,0.515,4.507
"848","2023-24","Taj Gibson",26,2009,15.369,4.518,0.513,4.504
"849","2020-21","Wayne Ellington",28,2009,11.246,1.661,0.212,1.671
"850","2021-22","Wayne Ellington",28,2009,11.254,1.685,0.211,1.685
"851","2022-23","Wayne Ellington",28,2009,11.255,1.685,0.209,1.698
"852","2023-24","Wayne Ellington",28,2009,11.259,1.678,0.209,1.684
"853","2020-21","Patrick Beverley",42,2009,12.75,3.524,1.079,3.58
"854","2021-22","Patrick Beverley",42,2009,12.746,3.522,1.075,3.566
"855","2022-23","Patrick Beverley",42,2009,12.767,3.543,1.072,3.571
"856","2023-24","Patrick Beverley",42,2009,12.751,3.54,1.071,3.539
"857","2020-21","Danny Green",46,2009,13.08,3.932,1.694,3.947
"858","2021-22","Danny Green",46,2009,13.056,3.915,1.707,3.951
"859","2022-23","Danny Green",46,2009,13.037,3.935,1.695,3.93
"860","2023-24","Danny Green",46,2009,13.048,3.904,1.702,3.923
"861","2020-21","Patty Mills",55,2009,14.657,2.797,0.781,2.784
"862","2021-22","Patty Mills",55,2009,14.693,2.763,0.79,2.775
"863","2022-23","Patty Mills",55,2009,14.749,2.778,0.779,2.74
"864","2023-24","Patty Mills",55,2009,14.667,2.761,0.786,2.766
"865","2020-21","Derrick Rose",1,2008,15.901,3.082,1.195,3.076
"866","2021-22","Derrick Rose",1,2008,15.898,3.097,1.217,3.075
"867","2022-23","Derrick Rose",1,2008,15.978,3.082,1.206,3.065
"868","2023-24","Derrick Rose",1,2008,15.949,3.131,1.212,3.052
"869","2020-21","Russell Westbrook",4,2008,23.747,8.807,4.612,8.836
"870","2021-22","Russell Westbrook",4,2008,23.767,8.849,4.582,8.803
"871","2022-23","Russell Westbrook",4,2008,23.707,8.802,4.559,8.821
"872","2023-24","Russell Westbrook",4,2008,23.736,8.757,4.567,8.809
"873","2020-21","Kevin Love",5,2008,21.28,7.143,2.613,7.138
"874","2021-22","Kevin Love",5,2008,21.296,7.102,2.635,7.149
"875","2022-23","Kevin Love",5,2008,21.297,7.137,2.624,7.144
"876","2023-24","Kevin Love",5,2008,21.289,7.085,2.635,7.162
"877","2020-21","Danilo Gallinari",6,2008,16.366,4.668,1.513,4.707
"878","2021-22","Danilo Gallinari",6,2008,16.389,4.712,1.517,4.692
"879","2022-23","Danilo Gallinari",6,2008,16.373,4.699,1.51,4.701
"880","2023-24","Danilo Gallinari",6,2008,16.407,4.648,1.504,4.668
"881","2020-21","Eric Gordon",7,2008,14.906,3.046,0.835,3.048
"882","2021-22","Eric Gordon",7,2008,14.909,3.036,0.831,3.043
"883","2022-23","Eric Gordon",7,2008,14.899,3.043,0.832,3.064
"884","2023-24","Eric Gordon",7,2008,14.908,3.066,0.835,3.041
"885","2020-21","D.J. Augustin",9,2008,13.189,3.178,0.602,3.19
"886","2021-22","D.J. Augustin",9,2008,13.19,3.16,0.606,3.199
"887","2022-23","D.J. Augustin",9,2008,13.171,3.188,0.605,3.169
"888","2023-24","D.J. Augustin",9,2008,13.158,3.188,0.614,3.179
"889","2020-21","Brook Lopez",10,2008,20.48,5.468,1.732,5.491
"890","2021-22","Brook Lopez",10,2008,20.449,5.476,1.72,5.443
"891","2022-23","Brook Lopez",10,2008,20.47,5.49,1.729,5.488
"892","2023-24","Brook Lopez",10,2008,20.475,5.446,1.729,5.473
"893","2020-21","Robin Lopez",15,2008,15.808,3.835,0.44,3.921
"894","2021-22","Robin Lopez",15,2008,15.786,3.909,0.431,3.903
"895","2022-23","Robin Lopez",15,2008,15.777,3.91,0.448,3.888
"896","2023-24","Robin Lopez",15,2008,15.783,3.911,0.447,3.889
"897","2020-21","JaVale McGee",18,2008,18.016,2.42,0.406,2.407
"898","2021-22","JaVale McGee",18,2008,17.94,2.428,0.41,2.448
"899","2022-23","JaVale McGee",18,2008,17.987,2.429,0.407,2.412
"900","2023-24","JaVale McGee",18,2008,17.994,2.414,0.412,2.442
"901","2020-21","Serge Ibaka",24,2008,16.86,5.769,1.27,5.74
"902","2021-22","Serge Ibaka",24,2008,16.865,5.749,1.276,5.727
"903","2022-23","Serge Ibaka",24,2008,16.881,5.745,1.279,5.752
"904","2023-24","Serge Ibaka",24,2008,16.868,5.71,1.27,5.741
"905","2020-21","Nicolas Batum",25,2008,14.977,4.933,2.052,4.94
"906","2021-22","Nicolas Batum",25,2008,14.978,4.953,2.043,4.936
"907","2022-23","Nicolas Batum",25,2008,14.969,4.941,2.039,4.942
"908","2023-24","Nicolas Batum",25,2008,14.972,4.929,2.05,4.94
"909","2020-21","George Hill",26,2008,14.474,4.412,1.22,4.356
"910","2021-22","George Hill",26,2008,14.47,4.422,1.222,4.413
"911","2022-23","George Hill",26,2008,14.505,4.353,1.225,4.41
"912","2023-24","George Hill",26,2008,14.513,4.371,1.209,4.371
"913","2020-21","DeAndre Jordan",35,2008,18.169,6.945,1.632,6.94
"914","2021-22","DeAndre Jordan",35,2008,18.142,6.965,1.647,7.006
"915","2022-23","DeAndre Jordan",35,2008,18.193,6.916,1.629,6.965
"916","2023-24","DeAndre Jordan",35,2008,18.144,6.961,1.649,6.992
"917","2020-21","Goran Dragić",45,2008,16.123,3.922,1.182,3.896
"918","2021-22","Goran Dragić",45,2008,16.161,3.905,1.178,3.927
"919","2022-23","Goran Dragić",45,2008,16.159,3.951,1.181,3.894
"920","2023-24","Goran Dragić",45,2008,16.119,3.93,1.176,3.89
"921","2020-21","Kevin Durant",2,2007,25.398,11.862,5.778,11.8
"922","2021-22","Kevin Durant",2,2007,25.338,11.867,5.753,11.867
"923","2022-23","Kevin Durant",2,2007,25.375,11.861,5.776,11.854
"924","2023-24","Kevin Durant",2,2007,25.334,11.79,5.767,11.822
"925","2020-21","Al Horford",3,2007,19.069,7.158,2.617,7.214
"926","2021-22","Al Horford",3,2007,19.047,7.162,2.629,7.174
"927","2022-23","Al Horford",3,2007,19.083,7.159,2.634,7.155
"928","2023-24","Al Horford",3,2007,19.062,7.143,2.638,7.191
"929","2020-21","Mike Conley",4,2007,17.477,5.959,2.408,5.894
"930","2021-22","Mike Conley",4,2007,17.505,5.952,2.369,5.999
"931","2022-23","Mike Conley",4,2007,17.509,5.97,2.389,5.917
"932","2023-24","Mike Conley",4,2007,17.476,5.964,2.401,5.932
"933","2020-21","Jeff Green",5,2007,13.233,3.139,0.344,3.122
"934","2021-22","Jeff Green",5,2007,13.207,3.138,0.334,3.138
"935","2022-23","Jeff Green",5,2007,13.21,3.14,0.341,3.143
"936","2023-24","Jeff Green",5,2007,13.225,3.136,0.337,3.129
"937","2020-21","Thaddeus Young",12,2007,16.376,4.473,1.249,4.49
"938","2021-22","Thaddeus Young",12,2007,16.376,4.456,1.251,4.487
"939","2022-23","Thaddeus Young",12,2007,16.377,4.491,1.252,4.466
"940","2023-24","Thaddeus Young",12,2007,16.367,4.491,1.248,4.455
"941","2020-21","LaMarcus Aldridge",2,2006,20.867,8.201,2.381,8.227
"942","2021-22","LaMarcus Aldridge",2,2006,20.868,8.2,2.387,8.207
"943","2022-23","LaMarcus Aldridge",2,2006,20.846,8.214,2.387,8.213
"944","2023-24","LaMarcus Aldridge",2,2006,20.82,8.214,2.384,8.23
"945","2020-21","Rudy Gay",8,2006,16.786,3.747,1.529,3.718
"946","2021-22","Rudy Gay",8,2006,16.799,3.74,1.532,3.747
"947","2022-23","Rudy Gay",8,2006,16.775,3.732,1.539,3.733
"948","2023-24","Rudy Gay",8,2006,16.798,3.74,1.537,3.722
"949","2020-21","Rajon Rondo",21,2006,15.61,3.967,1.575,3.966
"950","2021-22","Rajon Rondo",21,2006,15.568,4.02,1.559,4.024
"951","2022-23","Rajon Rondo",21,2006,15.582,3.945,1.564,3.995
"952","2023-24","Rajon Rondo",21,2006,15.579,4.008,1.563,3.994
"953","2020-21","Kyle Lowry",24,2006,17.648,6.041,2.43,6.069
"954","2021-22","Kyle Lowry",24,2006,17.654,5.992,2.424,5.988
"955","2022-23","Kyle Lowry",24,2006,17.671,6.059,2.439,5.959
"956","2023-24","Kyle Lowry",24,2006,17.635,6.025,2.43,6.049
"957","2020-21","P.J. Tucker",35,2006,10.992,3.374,0.748,3.345
"958","2021-22","P.J. Tucker",35,2006,10.992,3.388,0.756,3.376
"959","2022-23","P.J. Tucker",35,2006,10.999,3.375,0.747,3.377
"960","2023-24","P.J. Tucker",35,2006,11.007,3.362,0.75,3.368
"961","2020-21","Paul Millsap",47,2006,18.769,6.774,2.196,6.746
"962","2021-22","Paul Millsap",47,2006,18.783,6.759,2.197,6.754
"963","2022-23","Paul Millsap",47,2006,18.766,6.779,2.218,6.744
"964","2023-24","Paul Millsap",47,2006,18.804,6.772,2.203,6.77
"965","2020-21","Chris Paul",4,2005,25.125,12.299,5.908,12.31
"966","2021-22","Chris Paul",4,2005,25.109,12.229,5.891,12.193
"967","2022-23","Chris Paul",4,2005,25.096,12.231,5.895,12.291
"968","2023-24","Chris Paul",4,2005,25.104,12.253,5.875,12.265
"969","2020-21","Lou Williams",45,2005,17.708,4.118,1.583,4.082
"970","2021-22","Lou Williams",45,2005,17.723,4.067,1.591,4.096
"971","2022-23","Lou Williams",45,2005,17.741,4.086,1.58,4.085
"972","2023-24","Lou Williams",45,2005,17.692,4.087,1.576,4.091
"973","2020-21","Dwight Howard",1,2004,21.197,8.642,2.541,8.61
"974","2021-22","Dwight Howard",1,2004,21.181,8.621,2.539,8.651
"975","2022-23","Dwight Howard",1,2004,21.191,8.643,2.521,8.574
"976","2023-24","Dwight Howard",1,2004,21.177,8.637,2.52,8.591
"977","2020-21","Andre Iguodala",9,2004,15.263,6.421,2.671,6.43
"978","2021-22","Andre Iguodala",9,2004,15.212,6.424,2.661,6.433
"979","2022-23","Andre Iguodala",9,2004,15.247,6.424,2.653,6.437
"980","2023-24","Andre Iguodala",9,2004,15.212,6.429,2.659,6.408
"981","2020-21","Trevor Ariza",43,2004,13.449,3.098,1.085,3.096
"982","2021-22","Trevor Ariza",43,2004,13.46,3.1,1.077,3.098
"983","2022-23","Trevor Ariza",43,2004,13.431,3.106,1.087,3.123
"984","2023-24","Trevor Ariza",43,2004,13.463,3.077,1.074,3.098
"985","2020-21","LeBron James",1,2003,27.625,14.182,7.965,14.177
"986","2021-22","LeBron James",1,2003,27.658,14.157,7.983,14.181
"987","2022-23","LeBron James",1,2003,27.632,14.194,7.986,14.177
"988","2023-24","LeBron James",1,2003,27.602,14.136,7.983,14.19
"989","2020-21","Carmelo Anthony",3,2003,20.042,6.061,2.185,6.034
"990","2021-22","Carmelo Anthony",3,2003,20.009,6.022,2.182,6.046
"991","2022-23","Carmelo Anthony",3,2003,19.969,6.038,2.171,6.043
"992","2023-24","Carmelo Anthony",3,2003,20.036,6.044,2.177,6.067
