"","Season","Player","DraftPos","DraftYear","WS","PER","BPM","VORP"
"1","2020-21","Deandre Ayton",1,2018,7.8367,21.5356,5.1668,2.67
"2","2021-22","Deandre Ayton",1,2018,6.6634,20.8252,3.1932,2.3616
"3","2022-23","Deandre Ayton",1,2018,6.7016,20.8652,3.4246,2.4288
"4","2023-24","Deandre Ayton",1,2018,7.0778,21.0988,3.3414,2.4136
"5","2020-21","Marvin Bagley III",2,2018,7.8367,21.5356,5.1668,2.67
"6","2021-22","Marvin Bagley III",2,2018,6.6634,20.8252,3.1932,2.3616
"7","2022-23","Marvin Bagley III",2,2018,6.7016,20.8652,3.4246,2.4288
"8","2023-24","Marvin Bagley III",2,2018,7.0778,21.0988,3.3414,2.4136
"9","2020-21","Luka Dončić",3,2018,7.8367,21.5356,5.1668,2.67
"10","2021-22","Luka Dončić",3,2018,6.6634,20.8252,3.1932,2.3616
"11","2022-23","Luka Dončić",3,2018,6.7016,20.8652,3.4246,2.4288
"12","2023-24","Luka Dončić",3,2018,7.0778,21.0988,3.3414,2.4136
"13","2020-21","Jaren Jackson Jr.",4,2018,7.8367,21.5356,5.1668,2.67
"14","2021-22","Jaren Jackson Jr.",4,2018,6.6634,20.8252,3.1932,2.3616
"15","2022-23","Jaren Jackson Jr.",4,2018,6.7016,20.8652,3.4246,2.4288
"16","2023-24","Jaren Jackson Jr.",4,2018,7.0778,21.0988,3.3414,2.4136
"17","2020-21","Trae Young",5,2018,7.8367,21.5356,5.1668,2.67
"18","2021-22","Trae Young",5,2018,6.6634,20.8252,3.1932,2.3616
"19","2022-23","Trae Young",5,2018,6.7016,20.8652,3.4246,2.4288
"20","2023-24","Trae Young",5,2018,7.0778,21.0988,3.3414,2.4136
"21","2020-21","Mo Bamba",6,2018,7.8367,21.5356,5.1668,2.67
"22","2021-22","Mo Bamba",6,2018,6.6634,20.8252,3.1932,2.3616
"23","2022-23","Mo Bamba",6,2018,6.7016,20.8652,3.4246,2.4288
"24","2023-24","Mo Bamba",6,2018,7.0778,21.0988,3.3414,2.4136
"25","2020-21","Wendell Carter Jr.",7,2018,7.8367,21.5356,5.1668,2.67
"26","2021-22","Wendell Carter Jr.",7,2018,6.6634,20.8252,3.1932,2.3616
"27","2022-23","Wendell Carter Jr.",7,2018,6.7016,20.8652,3.4246,2.4288
"28","2023-24","Wendell Carter Jr.",7,2018,7.0778,21.0988,3.3414,2.4136
"29","2020-21","Collin Sexton",8,2018,7.8367,21.5356,5.1668,2.67
"30","2021-22","Collin Sexton",8,2018,6.6634,20.8252,3.1932,2.3616
"31","2022-23","Collin Sexton",8,2018,6.7016,20.8652,3.4246,2.4288
"32","2023-24","Collin Sexton",8,2018,7.0778,21.0988,3.3414,2.4136
"33","2020-21","Kevin Knox",9,2018,7.8367,21.5356,5.1668,2.67
"34","2021-22","Kevin Knox",9,2018,6.6634,20.8252,3.1932,2.3616
"35","2022-23","Kevin Knox",9,2018,6.7016,20.8652,3.4246,2.4288
"36","2023-24","Kevin Knox",9,2018,7.0778,21.0988,3.3414,2.4136
"37","2020-21","Mikal Bridges",10,2018,7.8367,21.5356,5.1668,2.67
"38","2021-22","Mikal Bridges",10,2018,6.6634,20.8252,3.1932,2.3616
"39","2022-23","Mikal Bridges",10,2018,6.7016,20.8652,3.4246,2.4288
"40","2023-24","Mikal Bridges",10,2018,7.0778,21.0988,3.3414,2.4136
"41","2020-21","Shai Gilgeous-Alexander",11,2018,7.8367,21.5356,5.1668,2.67
"42","2021-22","Shai Gilgeous-Alexander",11,2018,6.6634,20.8252,3.1932,2.3616
"43","2022-23","Shai Gilgeous-Alexander",11,2018,6.7016,20.8652,3.4246,2.4288
"44","2023-24","Shai Gilgeous-Alexander",11,2018,7.0778,21.0988,3.3414,2.4136
"45","2020-21","Miles Bridges",12,2018,7.8367,21.5356,5.1668,2.67
"46","2021-22","Miles Bridges",12,2018,6.6634,20.8252,3.1932,2.3616
"47","2022-23","Miles Bridges",12,2018,6.7016,20.8652,3.4246,2.4288
"48","2023-24","Miles Bridges",12,2018,7.0778,21.0988,3.3414,2.4136
"49","2020-21","Troy Brown Jr.",15,2018,7.8367,21.5356,5.1668,2.67
"50","2021-22","Troy Brown Jr.",15,2018,6.6634,20.8252,3.1932,2.3616
"51","2022-23","Troy Brown Jr.",15,2018,6.7016,20.8652,3.4246,2.4288
"52","2023-24","Troy Brown Jr.",15,2018,7.0778,21.0988,3.3414,2.4136
"53","2020-21","Donte DiVincenzo",17,2018,7.8367,21.5356,5.1668,2.67
"54","2021-22","Donte DiVincenzo",17,2018,6.6634,20.8252,3.1932,2.3616
"55","2022-23","Donte DiVincenzo",17,2018,6.7016,20.8652,3.4246,2.4288
"56","2023-24","Donte DiVincenzo",17,2018,7.0778,21.0988,3.3414,2.4136
"57","2020-21","Lonnie Walker IV",18,2018,7.8367,21.5356,5.1668,2.67
"58","2021-22","Lonnie Walker IV",18,2018,6.6634,20.8252,3.1932,2.3616
"59","2022-23","Lonnie Walker IV",18,2018,6.7016,20.8652,3.4246,2.4288
"60","2023-24","Lonnie Walker IV",18,2018,7.0778,21.0988,3.3414,2.4136
"61","2020-21","Kevin Huerter",19,2018,7.8367,21.5356,5.1668,2.67
"62","2021-22","Kevin Huerter",19,2018,6.6634,20.8252,3.1932,2.3616
"63","2022-23","Kevin Huerter",19,2018,6.7016,20.8652,3.4246,2.4288
"64","2023-24","Kevin Huerter",19,2018,7.0778,21.0988,3.3414,2.4136
"65","2020-21","Josh Okogie",20,2018,7.8367,21.5356,5.1668,2.67
"66","2021-22","Josh Okogie",20,2018,6.6634,20.8252,3.1932,2.3616
"67","2022-23","Josh Okogie",20,2018,6.7016,20.8652,3.4246,2.4288
"68","2023-24","Josh Okogie",20,2018,7.0778,21.0988,3.3414,2.4136
"69","2020-21","Grayson Allen",21,2018,7.8367,21.5356,5.1668,2.67
"70","2021-22","Grayson Allen",21,2018,6.6634,20.8252,3.1932,2.3616
"71","2022-23","Grayson Allen",21,2018,6.7016,20.8652,3.4246,2.4288
"72","2023-24","Grayson Allen",21,2018,7.0778,21.0988,3.3414,2.4136
"73","2020-21","Chandler Hutchison",22,2018,7.8367,21.5356,5.1668,2.67
"74","2021-22","Chandler Hutchison",22,2018,6.6634,20.8252,3.1932,2.3616
"75","2022-23","Chandler Hutchison",22,2018,6.7016,20.8652,3.4246,2.4288
"76","2023-24","Chandler Hutchison",22,2018,7.0778,21.0988,3.3414,2.4136
"77","2020-21","Aaron Holiday",23,2018,7.8367,21.5356,5.1668,2.67
"78","2021-22","Aaron Holiday",23,2018,6.6634,20.8252,3.1932,2.3616
"79","2022-23","Aaron Holiday",23,2018,6.7016,20.8652,3.4246,2.4288
"80","2023-24","Aaron Holiday",23,2018,7.0778,21.0988,3.3414,2.4136
"81","2020-21","Anfernee Simons",24,2018,7.8367,21.5356,5.1668,2.67
"82","2021-22","Anfernee Simons",24,2018,6.6634,20.8252,3.1932,2.3616
"83","2022-23","Anfernee Simons",24,2018,6.7016,20.8652,3.4246,2.4288
"84","2023-24","Anfernee Simons",24,2018,7.0778,21.0988,3.3414,2.4136
"85","2020-21","Moritz Wagner",25,2018,7.8367,21.5356,5.1668,2.67
"86","2021-22","Moritz Wagner",25,2018,6.6634,20.8252,3.1932,2.3616
"87","2022-23","Moritz Wagner",25,2018,6.7016,20.8652,3.4246,2.4288
"88","2023-24","Moritz Wagner",25,2018,7.0778,21.0988,3.3414,2.4136
"89","2020-21","Landry Shamet",26,2018,7.8367,21.5356,5.1668,2.67
"90","2021-22","Landry Shamet",26,2018,6.6634,20.8252,3.1932,2.3616
"91","2022-23","Landry Shamet",26,2018,6.7016,20.8652,3.4246,2.4288
"92","2023-24","Landry Shamet",26,2018,7.0778,21.0988,3.3414,2.4136
"93","2020-21","Robert Williams",27,2018,7.8367,21.5356,5.1668,2.67
"94","2021-22","Robert Williams",27,2018,6.6634,20.8252,3.1932,2.3616
"95","2022-23","Robert Williams",27,2018,6.7016,20.8652,3.4246,2.4288
"96","2023-24","Robert Williams",27,2018,7.0778,21.0988,3.3414,2.4136
"97","2020-21","Jevon Carter",32,2018,7.8367,21.5356,5.1668,2.67
"98","2021-22","Jevon Carter",32,2018,6.6634,20.8252,3.1932,2.3616
"99","2022-23","Jevon Carter",32,2018,6.7016,20.8652,3.4246,2.4288
"100","2023-24","Jevon Carter",32,2018,7.0778,21.0988,3.3414,2.4136
"101","2020-21","Jalen Brunson",33,2018,7.8367,21.5356,5.1668,2.67
"102","2021-22","Jalen Brunson",33,2018,6.6634,20.8252,3.1932,2.3616
"103","2022-23","Jalen Brunson",33,2018,6.7016,20.8652,3.4246,2.4288
"104","2023-24","Jalen Brunson",33,2018,7.0778,21.0988,3.3414,2.4136
"105","2020-21","Devonte' Graham",34,2018,7.8367,21.5356,5.1668,2.67
"106","2021-22","Devonte' Graham",34,2018,6.6634,20.8252,3.1932,2.3616
"107","2022-23","Devonte' Graham",34,2018,6.7016,20.8652,3.4246,2.4288
"108","2023-24","Devonte' Graham",34,2018,7.0778,21.0988,3.3414,2.4136
"109","2020-21","Mitchell Robinson",36,2018,7.8367,21.5356,5.1668,2.67
"110","2021-22","Mitchell Robinson",36,2018,6.6634,20.8252,3.1932,2.3616
"111","2022-23","Mitchell Robinson",36,2018,6.7016,20.8652,3.4246,2.4288
"112","2023-24","Mitchell Robinson",36,2018,7.0778,21.0988,3.3414,2.4136
"113","2020-21","Gary Trent Jr.",37,2018,7.8367,21.5356,5.1668,2.67
"114","2021-22","Gary Trent Jr.",37,2018,6.6634,20.8252,3.1932,2.3616
"115","2022-23","Gary Trent Jr.",37,2018,6.7016,20.8652,3.4246,2.4288
"116","2023-24","Gary Trent Jr.",37,2018,7.0778,21.0988,3.3414,2.4136
"117","2020-21","Isaac Bonga",39,2018,7.8367,21.5356,5.1668,2.67
"118","2021-22","Isaac Bonga",39,2018,6.6634,20.8252,3.1932,2.3616
"119","2022-23","Isaac Bonga",39,2018,6.7016,20.8652,3.4246,2.4288
"120","2023-24","Isaac Bonga",39,2018,7.0778,21.0988,3.3414,2.4136
"121","2020-21","Jarred Vanderbilt",41,2018,7.8367,21.5356,5.1668,2.67
"122","2021-22","Jarred Vanderbilt",41,2018,6.6634,20.8252,3.1932,2.3616
"123","2022-23","Jarred Vanderbilt",41,2018,6.7016,20.8652,3.4246,2.4288
"124","2023-24","Jarred Vanderbilt",41,2018,7.0778,21.0988,3.3414,2.4136
"125","2020-21","Bruce Brown",42,2018,7.8367,21.5356,5.1668,2.67
"126","2021-22","Bruce Brown",42,2018,6.6634,20.8252,3.1932,2.3616
"127","2022-23","Bruce Brown",42,2018,6.7016,20.8652,3.4246,2.4288
"128","2023-24","Bruce Brown",42,2018,7.0778,21.0988,3.3414,2.4136
"129","2020-21","Hamidou Diallo",45,2018,7.8367,21.5356,5.1668,2.67
"130","2021-22","Hamidou Diallo",45,2018,6.6634,20.8252,3.1932,2.3616
"131","2022-23","Hamidou Diallo",45,2018,6.7016,20.8652,3.4246,2.4288
"132","2023-24","Hamidou Diallo",45,2018,7.0778,21.0988,3.3414,2.4136
"133","2020-21","De'Anthony Melton",46,2018,7.8367,21.5356,5.1668,2.67
"134","2021-22","De'Anthony Melton",46,2018,6.6634,20.8252,3.1932,2.3616
"135","2022-23","De'Anthony Melton",46,2018,6.7016,20.8652,3.4246,2.4288
"136","2023-24","De'Anthony Melton",46,2018,7.0778,21.0988,3.3414,2.4136
"137","2020-21","Svi Mykhailiuk",47,2018,7.8367,21.5356,5.1668,2.67
"138","2021-22","Svi Mykhailiuk",47,2018,6.6634,20.8252,3.1932,2.3616
"139","2022-23","Svi Mykhailiuk",47,2018,6.7016,20.8652,3.4246,2.4288
"140","2023-24","Svi Mykhailiuk",47,2018,7.0778,21.0988,3.3414,2.4136
"141","2020-21","Keita Bates-Diop",48,2018,7.8367,21.5356,5.1668,2.67
"142","2021-22","Keita Bates-Diop",48,2018,6.6634,20.8252,3.1932,2.3616
"143","2022-23","Keita Bates-Diop",48,2018,6.7016,20.8652,3.4246,2.4288
"144","2023-24","Keita Bates-Diop",48,2018,7.0778,21.0988,3.3414,2.4136
"145","2020-21","Chimezie Metu",49,2018,7.8367,21.5356,5.1668,2.67
"146","2021-22","Chimezie Metu",49,2018,6.6634,20.8252,3.1932,2.3616
"147","2022-23","Chimezie Metu",49,2018,6.7016,20.8652,3.4246,2.4288
"148","2023-24","Chimezie Metu",49,2018,7.0778,21.0988,3.3414,2.4136
"149","2020-21","Alize Johnson",50,2018,7.8367,21.5356,5.1668,2.67
"150","2021-22","Alize Johnson",50,2018,6.6634,20.8252,3.1932,2.3616
"151","2022-23","Alize Johnson",50,2018,6.7016,20.8652,3.4246,2.4288
"152","2023-24","Alize Johnson",50,2018,7.0778,21.0988,3.3414,2.4136
"153","2020-21","Shake Milton",54,2018,7.8367,21.5356,5.1668,2.67
"154","2021-22","Shake Milton",54,2018,6.6634,20.8252,3.1932,2.3616
"155","2022-23","Shake Milton",54,2018,6.7016,20.8652,3.4246,2.4288
"156","2023-24","Shake Milton",54,2018,7.0778,21.0988,3.3414,2.4136
"157","2020-21","Markelle Fultz",1,2017,7.8367,21.5356,5.1668,2.67
"158","2021-22","Markelle Fultz",1,2017,6.6634,20.8252,3.1932,2.3616
"159","2022-23","Markelle Fultz",1,2017,6.7016,20.8652,3.4246,2.4288
"160","2023-24","Markelle Fultz",1,2017,7.0778,21.0988,3.3414,2.4136
"161","2020-21","Lonzo Ball",2,2017,7.8367,21.5356,5.1668,2.67
"162","2021-22","Lonzo Ball",2,2017,6.6634,20.8252,3.1932,2.3616
"163","2022-23","Lonzo Ball",2,2017,6.7016,20.8652,3.4246,2.4288
"164","2023-24","Lonzo Ball",2,2017,7.0778,21.0988,3.3414,2.4136
"165","2020-21","Jayson Tatum",3,2017,7.8367,21.5356,5.1668,2.67
"166","2021-22","Jayson Tatum",3,2017,6.6634,20.8252,3.1932,2.3616
"167","2022-23","Jayson Tatum",3,2017,6.7016,20.8652,3.4246,2.4288
"168","2023-24","Jayson Tatum",3,2017,7.0778,21.0988,3.3414,2.4136
"169","2020-21","Josh Jackson",4,2017,7.8367,21.5356,5.1668,2.67
"170","2021-22","Josh Jackson",4,2017,6.6634,20.8252,3.1932,2.3616
"171","2022-23","Josh Jackson",4,2017,6.7016,20.8652,3.4246,2.4288
"172","2023-24","Josh Jackson",4,2017,7.0778,21.0988,3.3414,2.4136
"173","2020-21","De'Aaron Fox",5,2017,7.8367,21.5356,5.1668,2.67
"174","2021-22","De'Aaron Fox",5,2017,6.6634,20.8252,3.1932,2.3616
"175","2022-23","De'Aaron Fox",5,2017,6.7016,20.8652,3.4246,2.4288
"176","2023-24","De'Aaron Fox",5,2017,7.0778,21.0988,3.3414,2.4136
"177","2020-21","Lauri Markkanen",7,2017,7.8367,21.5356,5.1668,2.67
"178","2021-22","Lauri Markkanen",7,2017,6.6634,20.8252,3.1932,2.3616
"179","2022-23","Lauri Markkanen",7,2017,6.7016,20.8652,3.4246,2.4288
"180","2023-24","Lauri Markkanen",7,2017,7.0778,21.0988,3.3414,2.4136
"181","2020-21","Frank Ntilikina",8,2017,7.8367,21.5356,5.1668,2.67
"182","2021-22","Frank Ntilikina",8,2017,6.6634,20.8252,3.1932,2.3616
"183","2022-23","Frank Ntilikina",8,2017,6.7016,20.8652,3.4246,2.4288
"184","2023-24","Frank Ntilikina",8,2017,7.0778,21.0988,3.3414,2.4136
"185","2020-21","Dennis Smith Jr.",9,2017,7.8367,21.5356,5.1668,2.67
"186","2021-22","Dennis Smith Jr.",9,2017,6.6634,20.8252,3.1932,2.3616
"187","2022-23","Dennis Smith Jr.",9,2017,6.7016,20.8652,3.4246,2.4288
"188","2023-24","Dennis Smith Jr.",9,2017,7.0778,21.0988,3.3414,2.4136
"189","2020-21","Malik Monk",11,2017,7.8367,21.5356,5.1668,2.67
"190","2021-22","Malik Monk",11,2017,6.6634,20.8252,3.1932,2.3616
"191","2022-23","Malik Monk",11,2017,6.7016,20.8652,3.4246,2.4288
"192","2023-24","Malik Monk",11,2017,7.0778,21.0988,3.3414,2.4136
"193","2020-21","Luke Kennard",12,2017,7.8367,21.5356,5.1668,2.67
"194","2021-22","Luke Kennard",12,2017,6.6634,20.8252,3.1932,2.3616
"195","2022-23","Luke Kennard",12,2017,6.7016,20.8652,3.4246,2.4288
"196","2023-24","Luke Kennard",12,2017,7.0778,21.0988,3.3414,2.4136
"197","2020-21","Donovan Mitchell",13,2017,7.8367,21.5356,5.1668,2.67
"198","2021-22","Donovan Mitchell",13,2017,6.6634,20.8252,3.1932,2.3616
"199","2022-23","Donovan Mitchell",13,2017,6.7016,20.8652,3.4246,2.4288
"200","2023-24","Donovan Mitchell",13,2017,7.0778,21.0988,3.3414,2.4136
"201","2020-21","Bam Adebayo",14,2017,7.8367,21.5356,5.1668,2.67
"202","2021-22","Bam Adebayo",14,2017,6.6634,20.8252,3.1932,2.3616
"203","2022-23","Bam Adebayo",14,2017,6.7016,20.8652,3.4246,2.4288
"204","2023-24","Bam Adebayo",14,2017,7.0778,21.0988,3.3414,2.4136
"205","2020-21","Justin Jackson",15,2017,7.8367,21.5356,5.1668,2.67
"206","2021-22","Justin Jackson",15,2017,6.6634,20.8252,3.1932,2.3616
"207","2022-23","Justin Jackson",15,2017,6.7016,20.8652,3.4246,2.4288
"208","2023-24","Justin Jackson",15,2017,7.0778,21.0988,3.3414,2.4136
"209","2020-21","D.J. Wilson",17,2017,7.8367,21.5356,5.1668,2.67
"210","2021-22","D.J. Wilson",17,2017,6.6634,20.8252,3.1932,2.3616
"211","2022-23","D.J. Wilson",17,2017,6.7016,20.8652,3.4246,2.4288
"212","2023-24","D.J. Wilson",17,2017,7.0778,21.0988,3.3414,2.4136
"213","2020-21","John Collins",19,2017,7.8367,21.5356,5.1668,2.67
"214","2021-22","John Collins",19,2017,6.6634,20.8252,3.1932,2.3616
"215","2022-23","John Collins",19,2017,6.7016,20.8652,3.4246,2.4288
"216","2023-24","John Collins",19,2017,7.0778,21.0988,3.3414,2.4136
"217","2020-21","Jarrett Allen",22,2017,7.8367,21.5356,5.1668,2.67
"218","2021-22","Jarrett Allen",22,2017,6.6634,20.8252,3.1932,2.3616
"219","2022-23","Jarrett Allen",22,2017,6.7016,20.8652,3.4246,2.4288
"220","2023-24","Jarrett Allen",22,2017,7.0778,21.0988,3.3414,2.4136
"221","2020-21","OG Anunoby",23,2017,7.8367,21.5356,5.1668,2.67
"222","2021-22","OG Anunoby",23,2017,6.6634,20.8252,3.1932,2.3616
"223","2022-23","OG Anunoby",23,2017,6.7016,20.8652,3.4246,2.4288
"224","2023-24","OG Anunoby",23,2017,7.0778,21.0988,3.3414,2.4136
"225","2020-21","Kyle Kuzma",27,2017,7.8367,21.5356,5.1668,2.67
"226","2021-22","Kyle Kuzma",27,2017,6.6634,20.8252,3.1932,2.3616
"227","2022-23","Kyle Kuzma",27,2017,6.7016,20.8652,3.4246,2.4288
"228","2023-24","Kyle Kuzma",27,2017,7.0778,21.0988,3.3414,2.4136
"229","2020-21","Tony Bradley",28,2017,7.8367,21.5356,5.1668,2.67
"230","2021-22","Tony Bradley",28,2017,6.6634,20.8252,3.1932,2.3616
"231","2022-23","Tony Bradley",28,2017,6.7016,20.8652,3.4246,2.4288
"232","2023-24","Tony Bradley",28,2017,7.0778,21.0988,3.3414,2.4136
"233","2020-21","Derrick White",29,2017,7.8367,21.5356,5.1668,2.67
"234","2021-22","Derrick White",29,2017,6.6634,20.8252,3.1932,2.3616
"235","2022-23","Derrick White",29,2017,6.7016,20.8652,3.4246,2.4288
"236","2023-24","Derrick White",29,2017,7.0778,21.0988,3.3414,2.4136
"237","2020-21","Josh Hart",30,2017,7.8367,21.5356,5.1668,2.67
"238","2021-22","Josh Hart",30,2017,6.6634,20.8252,3.1932,2.3616
"239","2022-23","Josh Hart",30,2017,6.7016,20.8652,3.4246,2.4288
"240","2023-24","Josh Hart",30,2017,7.0778,21.0988,3.3414,2.4136
"241","2020-21","Frank Jackson",31,2017,7.8367,21.5356,5.1668,2.67
"242","2021-22","Frank Jackson",31,2017,6.6634,20.8252,3.1932,2.3616
"243","2022-23","Frank Jackson",31,2017,6.7016,20.8652,3.4246,2.4288
"244","2023-24","Frank Jackson",31,2017,7.0778,21.0988,3.3414,2.4136
"245","2020-21","Wes Iwundu",33,2017,7.8367,21.5356,5.1668,2.67
"246","2021-22","Wes Iwundu",33,2017,6.6634,20.8252,3.1932,2.3616
"247","2022-23","Wes Iwundu",33,2017,6.7016,20.8652,3.4246,2.4288
"248","2023-24","Wes Iwundu",33,2017,7.0778,21.0988,3.3414,2.4136
"249","2020-21","Semi Ojeleye",37,2017,7.8367,21.5356,5.1668,2.67
"250","2021-22","Semi Ojeleye",37,2017,6.6634,20.8252,3.1932,2.3616
"251","2022-23","Semi Ojeleye",37,2017,6.7016,20.8652,3.4246,2.4288
"252","2023-24","Semi Ojeleye",37,2017,7.0778,21.0988,3.3414,2.4136
"253","2020-21","Jordan Bell",38,2017,7.8367,21.5356,5.1668,2.67
"254","2021-22","Jordan Bell",38,2017,6.6634,20.8252,3.1932,2.3616
"255","2022-23","Jordan Bell",38,2017,6.7016,20.8652,3.4246,2.4288
"256","2023-24","Jordan Bell",38,2017,7.0778,21.0988,3.3414,2.4136
"257","2020-21","Thomas Bryant",42,2017,7.8367,21.5356,5.1668,2.67
"258","2021-22","Thomas Bryant",42,2017,6.6634,20.8252,3.1932,2.3616
"259","2022-23","Thomas Bryant",42,2017,6.7016,20.8652,3.4246,2.4288
"260","2023-24","Thomas Bryant",42,2017,7.0778,21.0988,3.3414,2.4136
"261","2020-21","Isaiah Hartenstein",43,2017,7.8367,21.5356,5.1668,2.67
"262","2021-22","Isaiah Hartenstein",43,2017,6.6634,20.8252,3.1932,2.3616
"263","2022-23","Isaiah Hartenstein",43,2017,6.7016,20.8652,3.4246,2.4288
"264","2023-24","Isaiah Hartenstein",43,2017,7.0778,21.0988,3.3414,2.4136
"265","2020-21","Damyean Dotson",44,2017,7.8367,21.5356,5.1668,2.67
"266","2021-22","Damyean Dotson",44,2017,6.6634,20.8252,3.1932,2.3616
"267","2022-23","Damyean Dotson",44,2017,6.7016,20.8652,3.4246,2.4288
"268","2023-24","Damyean Dotson",44,2017,7.0778,21.0988,3.3414,2.4136
"269","2020-21","Dillon Brooks",45,2017,7.8367,21.5356,5.1668,2.67
"270","2021-22","Dillon Brooks",45,2017,6.6634,20.8252,3.1932,2.3616
"271","2022-23","Dillon Brooks",45,2017,6.7016,20.8652,3.4246,2.4288
"272","2023-24","Dillon Brooks",45,2017,7.0778,21.0988,3.3414,2.4136
"273","2020-21","Sterling Brown",46,2017,7.8367,21.5356,5.1668,2.67
"274","2021-22","Sterling Brown",46,2017,6.6634,20.8252,3.1932,2.3616
"275","2022-23","Sterling Brown",46,2017,6.7016,20.8652,3.4246,2.4288
"276","2023-24","Sterling Brown",46,2017,7.0778,21.0988,3.3414,2.4136
"277","2020-21","Monte Morris",51,2017,7.8367,21.5356,5.1668,2.67
"278","2021-22","Monte Morris",51,2017,6.6634,20.8252,3.1932,2.3616
"279","2022-23","Monte Morris",51,2017,6.7016,20.8652,3.4246,2.4288
"280","2023-24","Monte Morris",51,2017,7.0778,21.0988,3.3414,2.4136
"281","2020-21","Brandon Ingram",2,2016,7.8367,21.5356,5.1668,2.67
"282","2021-22","Brandon Ingram",2,2016,6.6634,20.8252,3.1932,2.3616
"283","2022-23","Brandon Ingram",2,2016,6.7016,20.8652,3.4246,2.4288
"284","2023-24","Brandon Ingram",2,2016,7.0778,21.0988,3.3414,2.4136
"285","2020-21","Jaylen Brown",3,2016,7.8367,21.5356,5.1668,2.67
"286","2021-22","Jaylen Brown",3,2016,6.6634,20.8252,3.1932,2.3616
"287","2022-23","Jaylen Brown",3,2016,6.7016,20.8652,3.4246,2.4288
"288","2023-24","Jaylen Brown",3,2016,7.0778,21.0988,3.3414,2.4136
"289","2020-21","Kris Dunn",5,2016,7.8367,21.5356,5.1668,2.67
"290","2021-22","Kris Dunn",5,2016,6.6634,20.8252,3.1932,2.3616
"291","2022-23","Kris Dunn",5,2016,6.7016,20.8652,3.4246,2.4288
"292","2023-24","Kris Dunn",5,2016,7.0778,21.0988,3.3414,2.4136
"293","2020-21","Buddy Hield",6,2016,7.8367,21.5356,5.1668,2.67
"294","2021-22","Buddy Hield",6,2016,6.6634,20.8252,3.1932,2.3616
"295","2022-23","Buddy Hield",6,2016,6.7016,20.8652,3.4246,2.4288
"296","2023-24","Buddy Hield",6,2016,7.0778,21.0988,3.3414,2.4136
"297","2020-21","Marquese Chriss",8,2016,7.8367,21.5356,5.1668,2.67
"298","2021-22","Marquese Chriss",8,2016,6.6634,20.8252,3.1932,2.3616
"299","2022-23","Marquese Chriss",8,2016,6.7016,20.8652,3.4246,2.4288
"300","2023-24","Marquese Chriss",8,2016,7.0778,21.0988,3.3414,2.4136
"301","2020-21","Jakob Poeltl",9,2016,7.8367,21.5356,5.1668,2.67
"302","2021-22","Jakob Poeltl",9,2016,6.6634,20.8252,3.1932,2.3616
"303","2022-23","Jakob Poeltl",9,2016,6.7016,20.8652,3.4246,2.4288
"304","2023-24","Jakob Poeltl",9,2016,7.0778,21.0988,3.3414,2.4136
"305","2020-21","Domantas Sabonis",11,2016,7.8367,21.5356,5.1668,2.67
"306","2021-22","Domantas Sabonis",11,2016,6.6634,20.8252,3.1932,2.3616
"307","2022-23","Domantas Sabonis",11,2016,6.7016,20.8652,3.4246,2.4288
"308","2023-24","Domantas Sabonis",11,2016,7.0778,21.0988,3.3414,2.4136
"309","2020-21","Taurean Prince",12,2016,7.8367,21.5356,5.1668,2.67
"310","2021-22","Taurean Prince",12,2016,6.6634,20.8252,3.1932,2.3616
"311","2022-23","Taurean Prince",12,2016,6.7016,20.8652,3.4246,2.4288
"312","2023-24","Taurean Prince",12,2016,7.0778,21.0988,3.3414,2.4136
"313","2020-21","Denzel Valentine",14,2016,7.8367,21.5356,5.1668,2.67
"314","2021-22","Denzel Valentine",14,2016,6.6634,20.8252,3.1932,2.3616
"315","2022-23","Denzel Valentine",14,2016,6.7016,20.8652,3.4246,2.4288
"316","2023-24","Denzel Valentine",14,2016,7.0778,21.0988,3.3414,2.4136
"317","2020-21","Juancho Hernangómez",15,2016,7.8367,21.5356,5.1668,2.67
"318","2021-22","Juancho Hernangómez",15,2016,6.6634,20.8252,3.1932,2.3616
"319","2022-23","Juancho Hernangómez",15,2016,6.7016,20.8652,3.4246,2.4288
"320","2023-24","Juancho Hernangómez",15,2016,7.0778,21.0988,3.3414,2.4136
"321","2020-21","Malik Beasley",19,2016,7.8367,21.5356,5.1668,2.67
"322","2021-22","Malik Beasley",19,2016,6.6634,20.8252,3.1932,2.3616
"323","2022-23","Malik Beasley",19,2016,6.7016,20.8652,3.4246,2.4288
"324","2023-24","Malik Beasley",19,2016,7.0778,21.0988,3.3414,2.4136
"325","2020-21","Caris LeVert",20,2016,7.8367,21.5356,5.1668,2.67
"326","2021-22","Caris LeVert",20,2016,6.6634,20.8252,3.1932,2.3616
"327","2022-23","Caris LeVert",20,2016,6.7016,20.8652,3.4246,2.4288
"328","2023-24","Caris LeVert",20,2016,7.0778,21.0988,3.3414,2.4136
"329","2020-21","DeAndre' Bembry",21,2016,7.8367,21.5356,5.1668,2.67
"330","2021-22","DeAndre' Bembry",21,2016,6.6634,20.8252,3.1932,2.3616
"331","2022-23","DeAndre' Bembry",21,2016,6.7016,20.8652,3.4246,2.4288
"332","2023-24","DeAndre' Bembry",21,2016,7.0778,21.0988,3.3414,2.4136
"333","2020-21","Timothé Luwawu-Cabarrot",24,2016,7.8367,21.5356,5.1668,2.67
"334","2021-22","Timothé Luwawu-Cabarrot",24,2016,6.6634,20.8252,3.1932,2.3616
"335","2022-23","Timothé Luwawu-Cabarrot",24,2016,6.7016,20.8652,3.4246,2.4288
"336","2023-24","Timothé Luwawu-Cabarrot",24,2016,7.0778,21.0988,3.3414,2.4136
"337","2020-21","Furkan Korkmaz",26,2016,7.8367,21.5356,5.1668,2.67
"338","2021-22","Furkan Korkmaz",26,2016,6.6634,20.8252,3.1932,2.3616
"339","2022-23","Furkan Korkmaz",26,2016,6.7016,20.8652,3.4246,2.4288
"340","2023-24","Furkan Korkmaz",26,2016,7.0778,21.0988,3.3414,2.4136
"341","2020-21","Pascal Siakam",27,2016,7.8367,21.5356,5.1668,2.67
"342","2021-22","Pascal Siakam",27,2016,6.6634,20.8252,3.1932,2.3616
"343","2022-23","Pascal Siakam",27,2016,6.7016,20.8652,3.4246,2.4288
"344","2023-24","Pascal Siakam",27,2016,7.0778,21.0988,3.3414,2.4136
"345","2020-21","Dejounte Murray",29,2016,7.8367,21.5356,5.1668,2.67
"346","2021-22","Dejounte Murray",29,2016,6.6634,20.8252,3.1932,2.3616
"347","2022-23","Dejounte Murray",29,2016,6.7016,20.8652,3.4246,2.4288
"348","2023-24","Dejounte Murray",29,2016,7.0778,21.0988,3.3414,2.4136
"349","2020-21","Damian Jones",30,2016,7.8367,21.5356,5.1668,2.67
"350","2021-22","Damian Jones",30,2016,6.6634,20.8252,3.1932,2.3616
"351","2022-23","Damian Jones",30,2016,6.7016,20.8652,3.4246,2.4288
"352","2023-24","Damian Jones",30,2016,7.0778,21.0988,3.3414,2.4136
"353","2020-21","Ivica Zubac",32,2016,7.8367,21.5356,5.1668,2.67
"354","2021-22","Ivica Zubac",32,2016,6.6634,20.8252,3.1932,2.3616
"355","2022-23","Ivica Zubac",32,2016,6.7016,20.8652,3.4246,2.4288
"356","2023-24","Ivica Zubac",32,2016,7.0778,21.0988,3.3414,2.4136
"357","2020-21","Malcolm Brogdon",36,2016,7.8367,21.5356,5.1668,2.67
"358","2021-22","Malcolm Brogdon",36,2016,6.6634,20.8252,3.1932,2.3616
"359","2022-23","Malcolm Brogdon",36,2016,6.7016,20.8652,3.4246,2.4288
"360","2023-24","Malcolm Brogdon",36,2016,7.0778,21.0988,3.3414,2.4136
"361","2020-21","Jake Layman",47,2016,7.8367,21.5356,5.1668,2.67
"362","2021-22","Jake Layman",47,2016,6.6634,20.8252,3.1932,2.3616
"363","2022-23","Jake Layman",47,2016,6.7016,20.8652,3.4246,2.4288
"364","2023-24","Jake Layman",47,2016,7.0778,21.0988,3.3414,2.4136
"365","2020-21","Georges Niang",50,2016,7.8367,21.5356,5.1668,2.67
"366","2021-22","Georges Niang",50,2016,6.6634,20.8252,3.1932,2.3616
"367","2022-23","Georges Niang",50,2016,6.7016,20.8652,3.4246,2.4288
"368","2023-24","Georges Niang",50,2016,7.0778,21.0988,3.3414,2.4136
"369","2020-21","Abdel Nader",58,2016,7.8367,21.5356,5.1668,2.67
"370","2021-22","Abdel Nader",58,2016,6.6634,20.8252,3.1932,2.3616
"371","2022-23","Abdel Nader",58,2016,6.7016,20.8652,3.4246,2.4288
"372","2023-24","Abdel Nader",58,2016,7.0778,21.0988,3.3414,2.4136
"373","2020-21","Karl-Anthony Towns",1,2015,6.6529,20.7888,5.3836,2.4275
"374","2021-22","Karl-Anthony Towns",1,2015,6.2358,20.4171,3.9064,2.2718
"375","2022-23","Karl-Anthony Towns",1,2015,6.2592,20.4171,4.0792,2.2999
"376","2023-24","Karl-Anthony Towns",1,2015,6.3886,20.5674,4.0228,2.2953
"377","2020-21","D'Angelo Russell",2,2015,6.6529,20.7888,5.3836,2.4275
"378","2021-22","D'Angelo Russell",2,2015,6.2358,20.4171,3.9064,2.2718
"379","2022-23","D'Angelo Russell",2,2015,6.2592,20.4171,4.0792,2.2999
"380","2023-24","D'Angelo Russell",2,2015,6.3886,20.5674,4.0228,2.2953
"381","2020-21","Kristaps Porziņģis",4,2015,7.8367,21.5356,5.1668,2.67
"382","2021-22","Kristaps Porziņģis",4,2015,6.6634,20.8252,3.1932,2.3616
"383","2022-23","Kristaps Porziņģis",4,2015,6.7016,20.8652,3.4246,2.4288
"384","2023-24","Kristaps Porziņģis",4,2015,7.0778,21.0988,3.3414,2.4136
"385","2020-21","Willie Cauley-Stein",6,2015,6.6529,20.7888,5.3836,2.4275
"386","2021-22","Willie Cauley-Stein",6,2015,6.2358,20.4171,3.9064,2.2718
"387","2022-23","Willie Cauley-Stein",6,2015,6.2592,20.4171,4.0792,2.2999
"388","2023-24","Willie Cauley-Stein",6,2015,6.3886,20.5674,4.0228,2.2953
"389","2020-21","Stanley Johnson",8,2015,6.6529,20.7888,5.3836,2.4275
"390","2021-22","Stanley Johnson",8,2015,6.2358,20.4171,3.9064,2.2718
"391","2022-23","Stanley Johnson",8,2015,6.2592,20.4171,4.0792,2.2999
"392","2023-24","Stanley Johnson",8,2015,6.3886,20.5674,4.0228,2.2953
"393","2020-21","Frank Kaminsky",9,2015,6.6529,20.7888,5.3836,2.4275
"394","2021-22","Frank Kaminsky",9,2015,6.2358,20.4171,3.9064,2.2718
"395","2022-23","Frank Kaminsky",9,2015,6.2592,20.4171,4.0792,2.2999
"396","2023-24","Frank Kaminsky",9,2015,6.3886,20.5674,4.0228,2.2953
"397","2020-21","Justise Winslow",10,2015,6.6529,20.7888,5.3836,2.4275
"398","2021-22","Justise Winslow",10,2015,6.2358,20.4171,3.9064,2.2718
"399","2022-23","Justise Winslow",10,2015,6.2592,20.4171,4.0792,2.2999
"400","2023-24","Justise Winslow",10,2015,6.3886,20.5674,4.0228,2.2953
"401","2020-21","Myles Turner",11,2015,6.6529,20.7888,5.3836,2.4275
"402","2021-22","Myles Turner",11,2015,6.2358,20.4171,3.9064,2.2718
"403","2022-23","Myles Turner",11,2015,6.2592,20.4171,4.0792,2.2999
"404","2023-24","Myles Turner",11,2015,6.3886,20.5674,4.0228,2.2953
"405","2020-21","Trey Lyles",12,2015,6.6529,20.7888,5.3836,2.4275
"406","2021-22","Trey Lyles",12,2015,6.2358,20.4171,3.9064,2.2718
"407","2022-23","Trey Lyles",12,2015,6.2592,20.4171,4.0792,2.2999
"408","2023-24","Trey Lyles",12,2015,6.3886,20.5674,4.0228,2.2953
"409","2020-21","Devin Booker",13,2015,6.6529,20.7888,5.3836,2.4275
"410","2021-22","Devin Booker",13,2015,6.2358,20.4171,3.9064,2.2718
"411","2022-23","Devin Booker",13,2015,6.2592,20.4171,4.0792,2.2999
"412","2023-24","Devin Booker",13,2015,6.3886,20.5674,4.0228,2.2953
"413","2020-21","Cameron Payne",14,2015,6.6529,20.7888,5.3836,2.4275
"414","2021-22","Cameron Payne",14,2015,6.2358,20.4171,3.9064,2.2718
"415","2022-23","Cameron Payne",14,2015,6.2592,20.4171,4.0792,2.2999
"416","2023-24","Cameron Payne",14,2015,6.3886,20.5674,4.0228,2.2953
"417","2020-21","Kelly Oubre Jr.",15,2015,6.6529,20.7888,5.3836,2.4275
"418","2021-22","Kelly Oubre Jr.",15,2015,6.2358,20.4171,3.9064,2.2718
"419","2022-23","Kelly Oubre Jr.",15,2015,6.2592,20.4171,4.0792,2.2999
"420","2023-24","Kelly Oubre Jr.",15,2015,6.3886,20.5674,4.0228,2.2953
"421","2020-21","Terry Rozier",16,2015,6.6529,20.7888,5.3836,2.4275
"422","2021-22","Terry Rozier",16,2015,6.2358,20.4171,3.9064,2.2718
"423","2022-23","Terry Rozier",16,2015,6.2592,20.4171,4.0792,2.2999
"424","2023-24","Terry Rozier",16,2015,6.3886,20.5674,4.0228,2.2953
"425","2020-21","Delon Wright",20,2015,6.6529,20.7888,5.3836,2.4275
"426","2021-22","Delon Wright",20,2015,6.2358,20.4171,3.9064,2.2718
"427","2022-23","Delon Wright",20,2015,6.2592,20.4171,4.0792,2.2999
"428","2023-24","Delon Wright",20,2015,6.3886,20.5674,4.0228,2.2953
"429","2020-21","Bobby Portis",22,2015,6.6529,20.7888,5.3836,2.4275
"430","2021-22","Bobby Portis",22,2015,6.2358,20.4171,3.9064,2.2718
"431","2022-23","Bobby Portis",22,2015,6.2592,20.4171,4.0792,2.2999
"432","2023-24","Bobby Portis",22,2015,6.3886,20.5674,4.0228,2.2953
"433","2020-21","Tyus Jones",24,2015,6.6529,20.7888,5.3836,2.4275
"434","2021-22","Tyus Jones",24,2015,6.2358,20.4171,3.9064,2.2718
"435","2022-23","Tyus Jones",24,2015,6.2592,20.4171,4.0792,2.2999
"436","2023-24","Tyus Jones",24,2015,6.3886,20.5674,4.0228,2.2953
"437","2020-21","Larry Nance Jr.",27,2015,6.6529,20.7888,5.3836,2.4275
"438","2021-22","Larry Nance Jr.",27,2015,6.2358,20.4171,3.9064,2.2718
"439","2022-23","Larry Nance Jr.",27,2015,6.2592,20.4171,4.0792,2.2999
"440","2023-24","Larry Nance Jr.",27,2015,6.3886,20.5674,4.0228,2.2953
"441","2020-21","Kevon Looney",30,2015,6.6529,20.7888,5.3836,2.4275
"442","2021-22","Kevon Looney",30,2015,6.2358,20.4171,3.9064,2.2718
"443","2022-23","Kevon Looney",30,2015,6.2592,20.4171,4.0792,2.2999
"444","2023-24","Kevon Looney",30,2015,6.3886,20.5674,4.0228,2.2953
"445","2020-21","Cedi Osman",31,2015,7.8367,21.5356,5.1668,2.67
"446","2021-22","Cedi Osman",31,2015,6.6634,20.8252,3.1932,2.3616
"447","2022-23","Cedi Osman",31,2015,6.7016,20.8652,3.4246,2.4288
"448","2023-24","Cedi Osman",31,2015,7.0778,21.0988,3.3414,2.4136
"449","2020-21","Montrezl Harrell",32,2015,6.6529,20.7888,5.3836,2.4275
"450","2021-22","Montrezl Harrell",32,2015,6.2358,20.4171,3.9064,2.2718
"451","2022-23","Montrezl Harrell",32,2015,6.2592,20.4171,4.0792,2.2999
"452","2023-24","Montrezl Harrell",32,2015,6.3886,20.5674,4.0228,2.2953
"453","2020-21","Willy Hernangómez",35,2015,7.8367,21.5356,5.1668,2.67
"454","2021-22","Willy Hernangómez",35,2015,6.6634,20.8252,3.1932,2.3616
"455","2022-23","Willy Hernangómez",35,2015,6.7016,20.8652,3.4246,2.4288
"456","2023-24","Willy Hernangómez",35,2015,7.0778,21.0988,3.3414,2.4136
"457","2020-21","Richaun Holmes",37,2015,6.6529,20.7888,5.3836,2.4275
"458","2021-22","Richaun Holmes",37,2015,6.2358,20.4171,3.9064,2.2718
"459","2022-23","Richaun Holmes",37,2015,6.2592,20.4171,4.0792,2.2999
"460","2023-24","Richaun Holmes",37,2015,6.3886,20.5674,4.0228,2.2953
"461","2020-21","Josh Richardson",40,2015,6.6529,20.7888,5.3836,2.4275
"462","2021-22","Josh Richardson",40,2015,6.2358,20.4171,3.9064,2.2718
"463","2022-23","Josh Richardson",40,2015,6.2592,20.4171,4.0792,2.2999
"464","2023-24","Josh Richardson",40,2015,6.3886,20.5674,4.0228,2.2953
"465","2020-21","Pat Connaughton",41,2015,6.6529,20.7888,5.3836,2.4275
"466","2021-22","Pat Connaughton",41,2015,6.2358,20.4171,3.9064,2.2718
"467","2022-23","Pat Connaughton",41,2015,6.2592,20.4171,4.0792,2.2999
"468","2023-24","Pat Connaughton",41,2015,6.3886,20.5674,4.0228,2.2953
"469","2020-21","Norman Powell",46,2015,6.6529,20.7888,5.3836,2.4275
"470","2021-22","Norman Powell",46,2015,6.2358,20.4171,3.9064,2.2718
"471","2022-23","Norman Powell",46,2015,6.2592,20.4171,4.0792,2.2999
"472","2023-24","Norman Powell",46,2015,6.3886,20.5674,4.0228,2.2953
"473","2020-21","Andrew Wiggins",1,2014,6.6529,20.7888,5.3836,2.4275
"474","2021-22","Andrew Wiggins",1,2014,6.2358,20.4171,3.9064,2.2718
"475","2022-23","Andrew Wiggins",1,2014,6.2592,20.4171,4.0792,2.2999
"476","2023-24","Andrew Wiggins",1,2014,6.3886,20.5674,4.0228,2.2953
"477","2020-21","Jabari Parker",2,2014,6.6529,20.7888,5.3836,2.4275
"478","2021-22","Jabari Parker",2,2014,6.2358,20.4171,3.9064,2.2718
"479","2022-23","Jabari Parker",2,2014,6.2592,20.4171,4.0792,2.2999
"480","2023-24","Jabari Parker",2,2014,6.3886,20.5674,4.0228,2.2953
"481","2020-21","Joel Embiid",3,2014,7.8367,21.5356,5.1668,2.67
"482","2021-22","Joel Embiid",3,2014,6.6634,20.8252,3.1932,2.3616
"483","2022-23","Joel Embiid",3,2014,6.7016,20.8652,3.4246,2.4288
"484","2023-24","Joel Embiid",3,2014,7.0778,21.0988,3.3414,2.4136
"485","2020-21","Aaron Gordon",4,2014,6.6529,20.7888,5.3836,2.4275
"486","2021-22","Aaron Gordon",4,2014,6.2358,20.4171,3.9064,2.2718
"487","2022-23","Aaron Gordon",4,2014,6.2592,20.4171,4.0792,2.2999
"488","2023-24","Aaron Gordon",4,2014,6.3886,20.5674,4.0228,2.2953
"489","2020-21","Marcus Smart",6,2014,6.6529,20.7888,5.3836,2.4275
"490","2021-22","Marcus Smart",6,2014,6.2358,20.4171,3.9064,2.2718
"491","2022-23","Marcus Smart",6,2014,6.2592,20.4171,4.0792,2.2999
"492","2023-24","Marcus Smart",6,2014,6.3886,20.5674,4.0228,2.2953
"493","2020-21","Julius Randle",7,2014,6.6529,20.7888,5.3836,2.4275
"494","2021-22","Julius Randle",7,2014,6.2358,20.4171,3.9064,2.2718
"495","2022-23","Julius Randle",7,2014,6.2592,20.4171,4.0792,2.2999
"496","2023-24","Julius Randle",7,2014,6.3886,20.5674,4.0228,2.2953
"497","2020-21","Elfrid Payton",10,2014,6.6529,20.7888,5.3836,2.4275
"498","2021-22","Elfrid Payton",10,2014,6.2358,20.4171,3.9064,2.2718
"499","2022-23","Elfrid Payton",10,2014,6.2592,20.4171,4.0792,2.2999
"500","2023-24","Elfrid Payton",10,2014,6.3886,20.5674,4.0228,2.2953
"501","2020-21","Doug McDermott",11,2014,6.6529,20.7888,5.3836,2.4275
"502","2021-22","Doug McDermott",11,2014,6.2358,20.4171,3.9064,2.2718
"503","2022-23","Doug McDermott",11,2014,6.2592,20.4171,4.0792,2.2999
"504","2023-24","Doug McDermott",11,2014,6.3886,20.5674,4.0228,2.2953
"505","2020-21","Zach LaVine",13,2014,6.6529,20.7888,5.3836,2.4275
"506","2021-22","Zach LaVine",13,2014,6.2358,20.4171,3.9064,2.2718
"507","2022-23","Zach LaVine",13,2014,6.2592,20.4171,4.0792,2.2999
"508","2023-24","Zach LaVine",13,2014,6.3886,20.5674,4.0228,2.2953
"509","2020-21","Jusuf Nurkić",16,2014,6.6529,20.7888,5.3836,2.4275
"510","2021-22","Jusuf Nurkić",16,2014,6.2358,20.4171,3.9064,2.2718
"511","2022-23","Jusuf Nurkić",16,2014,6.2592,20.4171,4.0792,2.2999
"512","2023-24","Jusuf Nurkić",16,2014,6.3886,20.5674,4.0228,2.2953
"513","2020-21","Gary Harris",19,2014,6.6529,20.7888,5.3836,2.4275
"514","2021-22","Gary Harris",19,2014,6.2358,20.4171,3.9064,2.2718
"515","2022-23","Gary Harris",19,2014,6.2592,20.4171,4.0792,2.2999
"516","2023-24","Gary Harris",19,2014,6.3886,20.5674,4.0228,2.2953
"517","2020-21","Rodney Hood",23,2014,6.6529,20.7888,5.3836,2.4275
"518","2021-22","Rodney Hood",23,2014,6.2358,20.4171,3.9064,2.2718
"519","2022-23","Rodney Hood",23,2014,6.2592,20.4171,4.0792,2.2999
"520","2023-24","Rodney Hood",23,2014,6.3886,20.5674,4.0228,2.2953
"521","2020-21","Clint Capela",25,2014,6.6529,20.7888,5.3836,2.4275
"522","2021-22","Clint Capela",25,2014,6.2358,20.4171,3.9064,2.2718
"523","2022-23","Clint Capela",25,2014,6.2592,20.4171,4.0792,2.2999
"524","2023-24","Clint Capela",25,2014,6.3886,20.5674,4.0228,2.2953
"525","2020-21","Bogdan Bogdanović",27,2014,7.8367,21.5356,5.1668,2.67
"526","2021-22","Bogdan Bogdanović",27,2014,6.6634,20.8252,3.1932,2.3616
"527","2022-23","Bogdan Bogdanović",27,2014,6.7016,20.8652,3.4246,2.4288
"528","2023-24","Bogdan Bogdanović",27,2014,7.0778,21.0988,3.3414,2.4136
"529","2020-21","Kyle Anderson",30,2014,6.6529,20.7888,5.3836,2.4275
"530","2021-22","Kyle Anderson",30,2014,6.2358,20.4171,3.9064,2.2718
"531","2022-23","Kyle Anderson",30,2014,6.2592,20.4171,4.0792,2.2999
"532","2023-24","Kyle Anderson",30,2014,6.3886,20.5674,4.0228,2.2953
"533","2020-21","Joe Harris",33,2014,6.6529,20.7888,5.3836,2.4275
"534","2021-22","Joe Harris",33,2014,6.2358,20.4171,3.9064,2.2718
"535","2022-23","Joe Harris",33,2014,6.2592,20.4171,4.0792,2.2999
"536","2023-24","Joe Harris",33,2014,6.3886,20.5674,4.0228,2.2953
"537","2020-21","Spencer Dinwiddie",38,2014,6.6529,20.7888,5.3836,2.4275
"538","2021-22","Spencer Dinwiddie",38,2014,6.2358,20.4171,3.9064,2.2718
"539","2022-23","Spencer Dinwiddie",38,2014,6.2592,20.4171,4.0792,2.2999
"540","2023-24","Spencer Dinwiddie",38,2014,6.3886,20.5674,4.0228,2.2953
"541","2020-21","Jerami Grant",39,2014,6.6529,20.7888,5.3836,2.4275
"542","2021-22","Jerami Grant",39,2014,6.2358,20.4171,3.9064,2.2718
"543","2022-23","Jerami Grant",39,2014,6.2592,20.4171,4.0792,2.2999
"544","2023-24","Jerami Grant",39,2014,6.3886,20.5674,4.0228,2.2953
"545","2020-21","Nikola Jokić",41,2014,6.6529,20.7888,5.3836,2.4275
"546","2021-22","Nikola Jokić",41,2014,6.2358,20.4171,3.9064,2.2718
"547","2022-23","Nikola Jokić",41,2014,6.2592,20.4171,4.0792,2.2999
"548","2023-24","Nikola Jokić",41,2014,6.3886,20.5674,4.0228,2.2953
"549","2020-21","Dwight Powell",45,2014,6.6529,20.7888,5.3836,2.4275
"550","2021-22","Dwight Powell",45,2014,6.2358,20.4171,3.9064,2.2718
"551","2022-23","Dwight Powell",45,2014,6.2592,20.4171,4.0792,2.2999
"552","2023-24","Dwight Powell",45,2014,6.3886,20.5674,4.0228,2.2953
"553","2020-21","Jordan Clarkson",46,2014,6.6529,20.7888,5.3836,2.4275
"554","2021-22","Jordan Clarkson",46,2014,6.2358,20.4171,3.9064,2.2718
"555","2022-23","Jordan Clarkson",46,2014,6.2592,20.4171,4.0792,2.2999
"556","2023-24","Jordan Clarkson",46,2014,6.3886,20.5674,4.0228,2.2953
"557","2020-21","Thanasis Antetokounmpo",51,2014,7.8367,21.5356,5.1668,2.67
"558","2021-22","Thanasis Antetokounmpo",51,2014,6.6634,20.8252,3.1932,2.3616
"559","2022-23","Thanasis Antetokounmpo",51,2014,6.7016,20.8652,3.4246,2.4288
"560","2023-24","Thanasis Antetokounmpo",51,2014,7.0778,21.0988,3.3414,2.4136
"561","2020-21","Victor Oladipo",2,2013,6.6529,20.7888,5.3836,2.4275
"562","2021-22","Victor Oladipo",2,2013,6.2358,20.4171,3.9064,2.2718
"563","2022-23","Victor Oladipo",2,2013,6.2592,20.4171,4.0792,2.2999
"564","2023-24","Victor Oladipo",2,2013,6.3886,20.5674,4.0228,2.2953
"565","2020-21","Otto Porter Jr.",3,2013,6.6529,20.7888,5.3836,2.4275
"566","2021-22","Otto Porter Jr.",3,2013,6.2358,20.4171,3.9064,2.2718
"567","2022-23","Otto Porter Jr.",3,2013,6.2592,20.4171,4.0792,2.2999
"568","2023-24","Otto Porter Jr.",3,2013,6.3886,20.5674,4.0228,2.2953
"569","2020-21","Cody Zeller",4,2013,6.6529,20.7888,5.3836,2.4275
"570","2021-22","Cody Zeller",4,2013,6.2358,20.4171,3.9064,2.2718
"571","2022-23","Cody Zeller",4,2013,6.2592,20.4171,4.0792,2.2999
"572","2023-24","Cody Zeller",4,2013,6.3886,20.5674,4.0228,2.2953
"573","2020-21","Alex Len",5,2013,6.6529,20.7888,5.3836,2.4275
"574","2021-22","Alex Len",5,2013,6.2358,20.4171,3.9064,2.2718
"575","2022-23","Alex Len",5,2013,6.2592,20.4171,4.0792,2.2999
"576","2023-24","Alex Len",5,2013,6.3886,20.5674,4.0228,2.2953
"577","2020-21","Nerlens Noel",6,2013,6.6529,20.7888,5.3836,2.4275
"578","2021-22","Nerlens Noel",6,2013,6.2358,20.4171,3.9064,2.2718
"579","2022-23","Nerlens Noel",6,2013,6.2592,20.4171,4.0792,2.2999
"580","2023-24","Nerlens Noel",6,2013,6.3886,20.5674,4.0228,2.2953
"581","2020-21","Ben McLemore",7,2013,6.6529,20.7888,5.3836,2.4275
"582","2021-22","Ben McLemore",7,2013,6.2358,20.4171,3.9064,2.2718
"583","2022-23","Ben McLemore",7,2013,6.2592,20.4171,4.0792,2.2999
"584","2023-24","Ben McLemore",7,2013,6.3886,20.5674,4.0228,2.2953
"585","2020-21","Kentavious Caldwell-Pope",8,2013,6.6529,20.7888,5.3836,2.4275
"586","2021-22","Kentavious Caldwell-Pope",8,2013,6.2358,20.4171,3.9064,2.2718
"587","2022-23","Kentavious Caldwell-Pope",8,2013,6.2592,20.4171,4.0792,2.2999
"588","2023-24","Kentavious Caldwell-Pope",8,2013,6.3886,20.5674,4.0228,2.2953
"589","2020-21","Trey Burke",9,2013,6.6529,20.7888,5.3836,2.4275
"590","2021-22","Trey Burke",9,2013,6.2358,20.4171,3.9064,2.2718
"591","2022-23","Trey Burke",9,2013,6.2592,20.4171,4.0792,2.2999
"592","2023-24","Trey Burke",9,2013,6.3886,20.5674,4.0228,2.2953
"593","2020-21","CJ McCollum",10,2013,6.6529,20.7888,5.3836,2.4275
"594","2021-22","CJ McCollum",10,2013,6.2358,20.4171,3.9064,2.2718
"595","2022-23","CJ McCollum",10,2013,6.2592,20.4171,4.0792,2.2999
"596","2023-24","CJ McCollum",10,2013,6.3886,20.5674,4.0228,2.2953
"597","2020-21","Steven Adams",12,2013,6.6529,20.7888,5.3836,2.4275
"598","2021-22","Steven Adams",12,2013,6.2358,20.4171,3.9064,2.2718
"599","2022-23","Steven Adams",12,2013,6.2592,20.4171,4.0792,2.2999
"600","2023-24","Steven Adams",12,2013,6.3886,20.5674,4.0228,2.2953
"601","2020-21","Kelly Olynyk",13,2013,6.6529,20.7888,5.3836,2.4275
"602","2021-22","Kelly Olynyk",13,2013,6.2358,20.4171,3.9064,2.2718
"603","2022-23","Kelly Olynyk",13,2013,6.2592,20.4171,4.0792,2.2999
"604","2023-24","Kelly Olynyk",13,2013,6.3886,20.5674,4.0228,2.2953
"605","2020-21","Giannis Antetokounmpo",15,2013,6.6529,20.7888,5.3836,2.4275
"606","2021-22","Giannis Antetokounmpo",15,2013,6.2358,20.4171,3.9064,2.2718
"607","2022-23","Giannis Antetokounmpo",15,2013,6.2592,20.4171,4.0792,2.2999
"608","2023-24","Giannis Antetokounmpo",15,2013,6.3886,20.5674,4.0228,2.2953
"609","2020-21","Dennis Schröder",17,2013,6.6529,20.7888,5.3836,2.4275
"610","2021-22","Dennis Schröder",17,2013,6.2358,20.4171,3.9064,2.2718
"611","2022-23","Dennis Schröder",17,2013,6.2592,20.4171,4.0792,2.2999
"612","2023-24","Dennis Schröder",17,2013,6.3886,20.5674,4.0228,2.2953
"613","2020-21","Tony Snell",20,2013,6.6529,20.7888,5.3836,2.4275
"614","2021-22","Tony Snell",20,2013,6.2358,20.4171,3.9064,2.2718
"615","2022-23","Tony Snell",20,2013,6.2592,20.4171,4.0792,2.2999
"616","2023-24","Tony Snell",20,2013,6.3886,20.5674,4.0228,2.2953
"617","2020-21","Gorgui Dieng",21,2013,6.6529,20.7888,5.3836,2.4275
"618","2021-22","Gorgui Dieng",21,2013,6.2358,20.4171,3.9064,2.2718
"619","2022-23","Gorgui Dieng",21,2013,6.2592,20.4171,4.0792,2.2999
"620","2023-24","Gorgui Dieng",21,2013,6.3886,20.5674,4.0228,2.2953
"621","2020-21","Mason Plumlee",22,2013,6.6529,20.7888,5.3836,2.4275
"622","2021-22","Mason Plumlee",22,2013,6.2358,20.4171,3.9064,2.2718
"623","2022-23","Mason Plumlee",22,2013,6.2592,20.4171,4.0792,2.2999
"624","2023-24","Mason Plumlee",22,2013,6.3886,20.5674,4.0228,2.2953
"625","2020-21","Solomon Hill",23,2013,6.6529,20.7888,5.3836,2.4275
"626","2021-22","Solomon Hill",23,2013,6.2358,20.4171,3.9064,2.2718
"627","2022-23","Solomon Hill",23,2013,6.2592,20.4171,4.0792,2.2999
"628","2023-24","Solomon Hill",23,2013,6.3886,20.5674,4.0228,2.2953
"629","2020-21","Tim Hardaway Jr.",24,2013,6.6529,20.7888,5.3836,2.4275
"630","2021-22","Tim Hardaway Jr.",24,2013,6.2358,20.4171,3.9064,2.2718
"631","2022-23","Tim Hardaway Jr.",24,2013,6.2592,20.4171,4.0792,2.2999
"632","2023-24","Tim Hardaway Jr.",24,2013,6.3886,20.5674,4.0228,2.2953
"633","2020-21","Reggie Bullock",25,2013,6.6529,20.7888,5.3836,2.4275
"634","2021-22","Reggie Bullock",25,2013,6.2358,20.4171,3.9064,2.2718
"635","2022-23","Reggie Bullock",25,2013,6.2592,20.4171,4.0792,2.2999
"636","2023-24","Reggie Bullock",25,2013,6.3886,20.5674,4.0228,2.2953
"637","2020-21","Rudy Gobert",27,2013,6.6529,20.7888,5.3836,2.4275
"638","2021-22","Rudy Gobert",27,2013,6.2358,20.4171,3.9064,2.2718
"639","2022-23","Rudy Gobert",27,2013,6.2592,20.4171,4.0792,2.2999
"640","2023-24","Rudy Gobert",27,2013,6.3886,20.5674,4.0228,2.2953
"641","2020-21","Mike Muscala",44,2013,6.6529,20.7888,5.3836,2.4275
"642","2021-22","Mike Muscala",44,2013,6.2358,20.4171,3.9064,2.2718
"643","2022-23","Mike Muscala",44,2013,6.2592,20.4171,4.0792,2.2999
"644","2023-24","Mike Muscala",44,2013,6.3886,20.5674,4.0228,2.2953
"645","2020-21","Raul Neto",47,2013,6.6529,20.7888,5.3836,2.4275
"646","2021-22","Raul Neto",47,2013,6.2358,20.4171,3.9064,2.2718
"647","2022-23","Raul Neto",47,2013,6.2592,20.4171,4.0792,2.2999
"648","2023-24","Raul Neto",47,2013,6.3886,20.5674,4.0228,2.2953
"649","2020-21","James Ennis III",50,2013,6.6529,20.7888,5.3836,2.4275
"650","2021-22","James Ennis III",50,2013,6.2358,20.4171,3.9064,2.2718
"651","2022-23","James Ennis III",50,2013,6.2592,20.4171,4.0792,2.2999
"652","2023-24","James Ennis III",50,2013,6.3886,20.5674,4.0228,2.2953
"653","2020-21","Anthony Davis",1,2012,6.6529,20.7888,5.3836,2.4275
"654","2021-22","Anthony Davis",1,2012,6.2358,20.4171,3.9064,2.2718
"655","2022-23","Anthony Davis",1,2012,6.2592,20.4171,4.0792,2.2999
"656","2023-24","Anthony Davis",1,2012,6.3886,20.5674,4.0228,2.2953
"657","2020-21","Bradley Beal",3,2012,6.6529,20.7888,5.3836,2.4275
"658","2021-22","Bradley Beal",3,2012,6.2358,20.4171,3.9064,2.2718
"659","2022-23","Bradley Beal",3,2012,6.2592,20.4171,4.0792,2.2999
"660","2023-24","Bradley Beal",3,2012,6.3886,20.5674,4.0228,2.2953
"661","2020-21","Damian Lillard",6,2012,6.6529,20.7888,5.3836,2.4275
"662","2021-22","Damian Lillard",6,2012,6.2358,20.4171,3.9064,2.2718
"663","2022-23","Damian Lillard",6,2012,6.2592,20.4171,4.0792,2.2999
"664","2023-24","Damian Lillard",6,2012,6.3886,20.5674,4.0228,2.2953
"665","2020-21","Harrison Barnes",7,2012,6.6529,20.7888,5.3836,2.4275
"666","2021-22","Harrison Barnes",7,2012,6.2358,20.4171,3.9064,2.2718
"667","2022-23","Harrison Barnes",7,2012,6.2592,20.4171,4.0792,2.2999
"668","2023-24","Harrison Barnes",7,2012,6.3886,20.5674,4.0228,2.2953
"669","2020-21","Terrence Ross",8,2012,6.6529,20.7888,5.3836,2.4275
"670","2021-22","Terrence Ross",8,2012,6.2358,20.4171,3.9064,2.2718
"671","2022-23","Terrence Ross",8,2012,6.2592,20.4171,4.0792,2.2999
"672","2023-24","Terrence Ross",8,2012,6.3886,20.5674,4.0228,2.2953
"673","2020-21","Andre Drummond",9,2012,6.6529,20.7888,5.3836,2.4275
"674","2021-22","Andre Drummond",9,2012,6.2358,20.4171,3.9064,2.2718
"675","2022-23","Andre Drummond",9,2012,6.2592,20.4171,4.0792,2.2999
"676","2023-24","Andre Drummond",9,2012,6.3886,20.5674,4.0228,2.2953
"677","2020-21","Austin Rivers",10,2012,6.6529,20.7888,5.3836,2.4275
"678","2021-22","Austin Rivers",10,2012,6.2358,20.4171,3.9064,2.2718
"679","2022-23","Austin Rivers",10,2012,6.2592,20.4171,4.0792,2.2999
"680","2023-24","Austin Rivers",10,2012,6.3886,20.5674,4.0228,2.2953
"681","2020-21","Jeremy Lamb",12,2012,6.6529,20.7888,5.3836,2.4275
"682","2021-22","Jeremy Lamb",12,2012,6.2358,20.4171,3.9064,2.2718
"683","2022-23","Jeremy Lamb",12,2012,6.2592,20.4171,4.0792,2.2999
"684","2023-24","Jeremy Lamb",12,2012,6.3886,20.5674,4.0228,2.2953
"685","2020-21","Maurice Harkless",15,2012,6.6529,20.7888,5.3836,2.4275
"686","2021-22","Maurice Harkless",15,2012,6.2358,20.4171,3.9064,2.2718
"687","2022-23","Maurice Harkless",15,2012,6.2592,20.4171,4.0792,2.2999
"688","2023-24","Maurice Harkless",15,2012,6.3886,20.5674,4.0228,2.2953
"689","2020-21","Evan Fournier",20,2012,6.6529,20.7888,5.3836,2.4275
"690","2021-22","Evan Fournier",20,2012,6.2358,20.4171,3.9064,2.2718
"691","2022-23","Evan Fournier",20,2012,6.2592,20.4171,4.0792,2.2999
"692","2023-24","Evan Fournier",20,2012,6.3886,20.5674,4.0228,2.2953
"693","2020-21","Tomáš Satoranský",32,2012,7.8367,21.5356,5.1668,2.67
"694","2021-22","Tomáš Satoranský",32,2012,6.6634,20.8252,3.1932,2.3616
"695","2022-23","Tomáš Satoranský",32,2012,6.7016,20.8652,3.4246,2.4288
"696","2023-24","Tomáš Satoranský",32,2012,7.0778,21.0988,3.3414,2.4136
"697","2020-21","Jae Crowder",34,2012,6.6529,20.7888,5.3836,2.4275
"698","2021-22","Jae Crowder",34,2012,6.2358,20.4171,3.9064,2.2718
"699","2022-23","Jae Crowder",34,2012,6.2592,20.4171,4.0792,2.2999
"700","2023-24","Jae Crowder",34,2012,6.3886,20.5674,4.0228,2.2953
"701","2020-21","Draymond Green",35,2012,6.6529,20.7888,5.3836,2.4275
"702","2021-22","Draymond Green",35,2012,6.2358,20.4171,3.9064,2.2718
"703","2022-23","Draymond Green",35,2012,6.2592,20.4171,4.0792,2.2999
"704","2023-24","Draymond Green",35,2012,6.3886,20.5674,4.0228,2.2953
"705","2020-21","Khris Middleton",39,2012,6.6529,20.7888,5.3836,2.4275
"706","2021-22","Khris Middleton",39,2012,6.2358,20.4171,3.9064,2.2718
"707","2022-23","Khris Middleton",39,2012,6.2592,20.4171,4.0792,2.2999
"708","2023-24","Khris Middleton",39,2012,6.3886,20.5674,4.0228,2.2953
"709","2020-21","Will Barton",40,2012,6.6529,20.7888,5.3836,2.4275
"710","2021-22","Will Barton",40,2012,6.2358,20.4171,3.9064,2.2718
"711","2022-23","Will Barton",40,2012,6.2592,20.4171,4.0792,2.2999
"712","2023-24","Will Barton",40,2012,6.3886,20.5674,4.0228,2.2953
"713","2020-21","Kyrie Irving",1,2011,6.6529,20.7888,5.3836,2.4275
"714","2021-22","Kyrie Irving",1,2011,6.2358,20.4171,3.9064,2.2718
"715","2022-23","Kyrie Irving",1,2011,6.2592,20.4171,4.0792,2.2999
"716","2023-24","Kyrie Irving",1,2011,6.3886,20.5674,4.0228,2.2953
"717","2020-21","Enes Freedom",3,2011,6.6529,20.7888,5.3836,2.4275
"718","2021-22","Enes Freedom",3,2011,6.2358,20.4171,3.9064,2.2718
"719","2022-23","Enes Freedom",3,2011,6.2592,20.4171,4.0792,2.2999
"720","2023-24","Enes Freedom",3,2011,6.3886,20.5674,4.0228,2.2953
"721","2020-21","Tristan Thompson",4,2011,6.6529,20.7888,5.3836,2.4275
"722","2021-22","Tristan Thompson",4,2011,6.2358,20.4171,3.9064,2.2718
"723","2022-23","Tristan Thompson",4,2011,6.2592,20.4171,4.0792,2.2999
"724","2023-24","Tristan Thompson",4,2011,6.3886,20.5674,4.0228,2.2953
"725","2020-21","Jonas Valančiūnas",5,2011,6.6529,20.7888,5.3836,2.4275
"726","2021-22","Jonas Valančiūnas",5,2011,6.2358,20.4171,3.9064,2.2718
"727","2022-23","Jonas Valančiūnas",5,2011,6.2592,20.4171,4.0792,2.2999
"728","2023-24","Jonas Valančiūnas",5,2011,6.3886,20.5674,4.0228,2.2953
"729","2020-21","Bismack Biyombo",7,2011,6.6529,20.7888,5.3836,2.4275
"730","2021-22","Bismack Biyombo",7,2011,6.2358,20.4171,3.9064,2.2718
"731","2022-23","Bismack Biyombo",7,2011,6.2592,20.4171,4.0792,2.2999
"732","2023-24","Bismack Biyombo",7,2011,6.3886,20.5674,4.0228,2.2953
"733","2020-21","Kemba Walker",9,2011,6.6529,20.7888,5.3836,2.4275
"734","2021-22","Kemba Walker",9,2011,6.2358,20.4171,3.9064,2.2718
"735","2022-23","Kemba Walker",9,2011,6.2592,20.4171,4.0792,2.2999
"736","2023-24","Kemba Walker",9,2011,6.3886,20.5674,4.0228,2.2953
"737","2020-21","Alec Burks",12,2011,6.6529,20.7888,5.3836,2.4275
"738","2021-22","Alec Burks",12,2011,6.2358,20.4171,3.9064,2.2718
"739","2022-23","Alec Burks",12,2011,6.2592,20.4171,4.0792,2.2999
"740","2023-24","Alec Burks",12,2011,6.3886,20.5674,4.0228,2.2953
"741","2020-21","Markieff Morris",13,2011,6.6529,20.7888,5.3836,2.4275
"742","2021-22","Markieff Morris",13,2011,6.2358,20.4171,3.9064,2.2718
"743","2022-23","Markieff Morris",13,2011,6.2592,20.4171,4.0792,2.2999
"744","2023-24","Markieff Morris",13,2011,6.3886,20.5674,4.0228,2.2953
"745","2020-21","Marcus Morris",14,2011,6.6529,20.7888,5.3836,2.4275
"746","2021-22","Marcus Morris",14,2011,6.2358,20.4171,3.9064,2.2718
"747","2022-23","Marcus Morris",14,2011,6.2592,20.4171,4.0792,2.2999
"748","2023-24","Marcus Morris",14,2011,6.3886,20.5674,4.0228,2.2953
"749","2020-21","Nikola Vučević",16,2011,6.6529,20.7888,5.3836,2.4275
"750","2021-22","Nikola Vučević",16,2011,6.2358,20.4171,3.9064,2.2718
"751","2022-23","Nikola Vučević",16,2011,6.2592,20.4171,4.0792,2.2999
"752","2023-24","Nikola Vučević",16,2011,6.3886,20.5674,4.0228,2.2953
"753","2020-21","Tobias Harris",19,2011,6.6529,20.7888,5.3836,2.4275
"754","2021-22","Tobias Harris",19,2011,6.2358,20.4171,3.9064,2.2718
"755","2022-23","Tobias Harris",19,2011,6.2592,20.4171,4.0792,2.2999
"756","2023-24","Tobias Harris",19,2011,6.3886,20.5674,4.0228,2.2953
"757","2020-21","Reggie Jackson",24,2011,6.6529,20.7888,5.3836,2.4275
"758","2021-22","Reggie Jackson",24,2011,6.2358,20.4171,3.9064,2.2718
"759","2022-23","Reggie Jackson",24,2011,6.2592,20.4171,4.0792,2.2999
"760","2023-24","Reggie Jackson",24,2011,6.3886,20.5674,4.0228,2.2953
"761","2020-21","Cory Joseph",29,2011,6.6529,20.7888,5.3836,2.4275
"762","2021-22","Cory Joseph",29,2011,6.2358,20.4171,3.9064,2.2718
"763","2022-23","Cory Joseph",29,2011,6.2592,20.4171,4.0792,2.2999
"764","2023-24","Cory Joseph",29,2011,6.3886,20.5674,4.0228,2.2953
"765","2020-21","Jimmy Butler",30,2011,6.6529,20.7888,5.3836,2.4275
"766","2021-22","Jimmy Butler",30,2011,6.2358,20.4171,3.9064,2.2718
"767","2022-23","Jimmy Butler",30,2011,6.2592,20.4171,4.0792,2.2999
"768","2023-24","Jimmy Butler",30,2011,6.3886,20.5674,4.0228,2.2953
"769","2020-21","Bojan Bogdanović",31,2011,6.6529,20.7888,5.3836,2.4275
"770","2021-22","Bojan Bogdanović",31,2011,6.2358,20.4171,3.9064,2.2718
"771","2022-23","Bojan Bogdanović",31,2011,6.2592,20.4171,4.0792,2.2999
"772","2023-24","Bojan Bogdanović",31,2011,6.3886,20.5674,4.0228,2.2953
"773","2020-21","Dāvis Bertāns",42,2011,7.8367,21.5356,5.1668,2.67
"774","2021-22","Dāvis Bertāns",42,2011,6.6634,20.8252,3.1932,2.3616
"775","2022-23","Dāvis Bertāns",42,2011,6.7016,20.8652,3.4246,2.4288
"776","2023-24","Dāvis Bertāns",42,2011,7.0778,21.0988,3.3414,2.4136
"777","2020-21","Isaiah Thomas",60,2011,6.6529,20.7888,5.3836,2.4275
"778","2021-22","Isaiah Thomas",60,2011,6.2358,20.4171,3.9064,2.2718
"779","2022-23","Isaiah Thomas",60,2011,6.2592,20.4171,4.0792,2.2999
"780","2023-24","Isaiah Thomas",60,2011,6.3886,20.5674,4.0228,2.2953
"781","2020-21","Derrick Favors",3,2010,6.6529,20.7888,5.3836,2.4275
"782","2021-22","Derrick Favors",3,2010,6.2358,20.4171,3.9064,2.2718
"783","2022-23","Derrick Favors",3,2010,6.2592,20.4171,4.0792,2.2999
"784","2023-24","Derrick Favors",3,2010,6.3886,20.5674,4.0228,2.2953
"785","2020-21","DeMarcus Cousins",5,2010,6.6529,20.7888,5.3836,2.4275
"786","2021-22","DeMarcus Cousins",5,2010,6.2358,20.4171,3.9064,2.2718
"787","2022-23","DeMarcus Cousins",5,2010,6.2592,20.4171,4.0792,2.2999
"788","2023-24","DeMarcus Cousins",5,2010,6.3886,20.5674,4.0228,2.2953
"789","2020-21","Gordon Hayward",9,2010,6.6529,20.7888,5.3836,2.4275
"790","2021-22","Gordon Hayward",9,2010,6.2358,20.4171,3.9064,2.2718
"791","2022-23","Gordon Hayward",9,2010,6.2592,20.4171,4.0792,2.2999
"792","2023-24","Gordon Hayward",9,2010,6.3886,20.5674,4.0228,2.2953
"793","2020-21","Paul George",10,2010,6.6529,20.7888,5.3836,2.4275
"794","2021-22","Paul George",10,2010,6.2358,20.4171,3.9064,2.2718
"795","2022-23","Paul George",10,2010,6.2592,20.4171,4.0792,2.2999
"796","2023-24","Paul George",10,2010,6.3886,20.5674,4.0228,2.2953
"797","2020-21","Ed Davis",13,2010,6.6529,20.7888,5.3836,2.4275
"798","2021-22","Ed Davis",13,2010,6.2358,20.4171,3.9064,2.2718
"799","2022-23","Ed Davis",13,2010,6.2592,20.4171,4.0792,2.2999
"800","2023-24","Ed Davis",13,2010,6.3886,20.5674,4.0228,2.2953
"801","2020-21","Eric Bledsoe",18,2010,6.6529,20.7888,5.3836,2.4275
"802","2021-22","Eric Bledsoe",18,2010,6.2358,20.4171,3.9064,2.2718
"803","2022-23","Eric Bledsoe",18,2010,6.2592,20.4171,4.0792,2.2999
"804","2023-24","Eric Bledsoe",18,2010,6.3886,20.5674,4.0228,2.2953
"805","2020-21","Avery Bradley",19,2010,6.6529,20.7888,5.3836,2.4275
"806","2021-22","Avery Bradley",19,2010,6.2358,20.4171,3.9064,2.2718
"807","2022-23","Avery Bradley",19,2010,6.2592,20.4171,4.0792,2.2999
"808","2023-24","Avery Bradley",19,2010,6.3886,20.5674,4.0228,2.2953
"809","2020-21","Hassan Whiteside",33,2010,6.6529,20.7888,5.3836,2.4275
"810","2021-22","Hassan Whiteside",33,2010,6.2358,20.4171,3.9064,2.2718
"811","2022-23","Hassan Whiteside",33,2010,6.2592,20.4171,4.0792,2.2999
"812","2023-24","Hassan Whiteside",33,2010,6.3886,20.5674,4.0228,2.2953
"813","2020-21","Nemanja Bjelica",35,2010,6.6529,20.7888,5.3836,2.4275
"814","2021-22","Nemanja Bjelica",35,2010,6.2358,20.4171,3.9064,2.2718
"815","2022-23","Nemanja Bjelica",35,2010,6.2592,20.4171,4.0792,2.2999
"816","2023-24","Nemanja Bjelica",35,2010,6.3886,20.5674,4.0228,2.2953
"817","2020-21","Blake Griffin",1,2009,6.6529,20.7888,5.3836,2.4275
"818","2021-22","Blake Griffin",1,2009,6.2358,20.4171,3.9064,2.2718
"819","2022-23","Blake Griffin",1,2009,6.2592,20.4171,4.0792,2.2999
"820","2023-24","Blake Griffin",1,2009,6.3886,20.5674,4.0228,2.2953
"821","2020-21","James Harden",3,2009,6.6529,20.7888,5.3836,2.4275
"822","2021-22","James Harden",3,2009,6.2358,20.4171,3.9064,2.2718
"823","2022-23","James Harden",3,2009,6.2592,20.4171,4.0792,2.2999
"824","2023-24","James Harden",3,2009,6.3886,20.5674,4.0228,2.2953
"825","2020-21","Ricky Rubio",5,2009,6.6529,20.7888,5.3836,2.4275
"826","2021-22","Ricky Rubio",5,2009,6.2358,20.4171,3.9064,2.2718
"827","2022-23","Ricky Rubio",5,2009,6.2592,20.4171,4.0792,2.2999
"828","2023-24","Ricky Rubio",5,2009,6.3886,20.5674,4.0228,2.2953
"829","2020-21","Stephen Curry",7,2009,6.6529,20.7888,5.3836,2.4275
"830","2021-22","Stephen Curry",7,2009,6.2358,20.4171,3.9064,2.2718
"831","2022-23","Stephen Curry",7,2009,6.2592,20.4171,4.0792,2.2999
"832","2023-24","Stephen Curry",7,2009,6.3886,20.5674,4.0228,2.2953
"833","2020-21","DeMar DeRozan",9,2009,6.6529,20.7888,5.3836,2.4275
"834","2021-22","DeMar DeRozan",9,2009,6.2358,20.4171,3.9064,2.2718
"835","2022-23","DeMar DeRozan",9,2009,6.2592,20.4171,4.0792,2.2999
"836","2023-24","DeMar DeRozan",9,2009,6.3886,20.5674,4.0228,2.2953
"837","2020-21","James Johnson",16,2009,6.6529,20.7888,5.3836,2.4275
"838","2021-22","James Johnson",16,2009,6.2358,20.4171,3.9064,2.2718
"839","2022-23","James Johnson",16,2009,6.2592,20.4171,4.0792,2.2999
"840","2023-24","James Johnson",16,2009,6.3886,20.5674,4.0228,2.2953
"841","2020-21","Jrue Holiday",17,2009,6.6529,20.7888,5.3836,2.4275
"842","2021-22","Jrue Holiday",17,2009,6.2358,20.4171,3.9064,2.2718
"843","2022-23","Jrue Holiday",17,2009,6.2592,20.4171,4.0792,2.2999
"844","2023-24","Jrue Holiday",17,2009,6.3886,20.5674,4.0228,2.2953
"845","2020-21","Taj Gibson",26,2009,6.6529,20.7888,5.3836,2.4275
"846","2021-22","Taj Gibson",26,2009,6.2358,20.4171,3.9064,2.2718
"847","2022-23","Taj Gibson",26,2009,6.2592,20.4171,4.0792,2.2999
"848","2023-24","Taj Gibson",26,2009,6.3886,20.5674,4.0228,2.2953
"849","2020-21","Wayne Ellington",28,2009,6.6529,20.7888,5.3836,2.4275
"850","2021-22","Wayne Ellington",28,2009,6.2358,20.4171,3.9064,2.2718
"851","2022-23","Wayne Ellington",28,2009,6.2592,20.4171,4.0792,2.2999
"852","2023-24","Wayne Ellington",28,2009,6.3886,20.5674,4.0228,2.2953
"853","2020-21","Patrick Beverley",42,2009,6.6529,20.7888,5.3836,2.4275
"854","2021-22","Patrick Beverley",42,2009,6.2358,20.4171,3.9064,2.2718
"855","2022-23","Patrick Beverley",42,2009,6.2592,20.4171,4.0792,2.2999
"856","2023-24","Patrick Beverley",42,2009,6.3886,20.5674,4.0228,2.2953
"857","2020-21","Danny Green",46,2009,6.6529,20.7888,5.3836,2.4275
"858","2021-22","Danny Green",46,2009,6.2358,20.4171,3.9064,2.2718
"859","2022-23","Danny Green",46,2009,6.2592,20.4171,4.0792,2.2999
"860","2023-24","Danny Green",46,2009,6.3886,20.5674,4.0228,2.2953
"861","2020-21","Patty Mills",55,2009,6.6529,20.7888,5.3836,2.4275
"862","2021-22","Patty Mills",55,2009,6.2358,20.4171,3.9064,2.2718
"863","2022-23","Patty Mills",55,2009,6.2592,20.4171,4.0792,2.2999
"864","2023-24","Patty Mills",55,2009,6.3886,20.5674,4.0228,2.2953
"865","2020-21","Derrick Rose",1,2008,6.6529,20.7888,5.3836,2.4275
"866","2021-22","Derrick Rose",1,2008,6.2358,20.4171,3.9064,2.2718
"867","2022-23","Derrick Rose",1,2008,6.2592,20.4171,4.0792,2.2999
"868","2023-24","Derrick Rose",1,2008,6.3886,20.5674,4.0228,2.2953
"869","2020-21","Russell Westbrook",4,2008,6.6529,20.7888,5.3836,2.4275
"870","2021-22","Russell Westbrook",4,2008,6.2358,20.4171,3.9064,2.2718
"871","2022-23","Russell Westbrook",4,2008,6.2592,20.4171,4.0792,2.2999
"872","2023-24","Russell Westbrook",4,2008,6.3886,20.5674,4.0228,2.2953
"873","2020-21","Kevin Love",5,2008,6.6529,20.7888,5.3836,2.4275
"874","2021-22","Kevin Love",5,2008,6.2358,20.4171,3.9064,2.2718
"875","2022-23","Kevin Love",5,2008,6.2592,20.4171,4.0792,2.2999
"876","2023-24","Kevin Love",5,2008,6.3886,20.5674,4.0228,2.2953
"877","2020-21","Danilo Gallinari",6,2008,6.6529,20.7888,5.3836,2.4275
"878","2021-22","Danilo Gallinari",6,2008,6.2358,20.4171,3.9064,2.2718
"879","2022-23","Danilo Gallinari",6,2008,6.2592,20.4171,4.0792,2.2999
"880","2023-24","Danilo Gallinari",6,2008,6.3886,20.5674,4.0228,2.2953
"881","2020-21","Eric Gordon",7,2008,6.6529,20.7888,5.3836,2.4275
"882","2021-22","Eric Gordon",7,2008,6.2358,20.4171,3.9064,2.2718
"883","2022-23","Eric Gordon",7,2008,6.2592,20.4171,4.0792,2.2999
"884","2023-24","Eric Gordon",7,2008,6.3886,20.5674,4.0228,2.2953
"885","2020-21","D.J. Augustin",9,2008,6.6529,20.7888,5.3836,2.4275
"886","2021-22","D.J. Augustin",9,2008,6.2358,20.4171,3.9064,2.2718
"887","2022-23","D.J. Augustin",9,2008,6.2592,20.4171,4.0792,2.2999
"888","2023-24","D.J. Augustin",9,2008,6.3886,20.5674,4.0228,2.2953
"889","2020-21","Brook Lopez",10,2008,6.6529,20.7888,5.3836,2.4275
"890","2021-22","Brook Lopez",10,2008,6.2358,20.4171,3.9064,2.2718
"891","2022-23","Brook Lopez",10,2008,6.2592,20.4171,4.0792,2.2999
"892","2023-24","Brook Lopez",10,2008,6.3886,20.5674,4.0228,2.2953
"893","2020-21","Robin Lopez",15,2008,6.6529,20.7888,5.3836,2.4275
"894","2021-22","Robin Lopez",15,2008,6.2358,20.4171,3.9064,2.2718
"895","2022-23","Robin Lopez",15,2008,6.2592,20.4171,4.0792,2.2999
"896","2023-24","Robin Lopez",15,2008,6.3886,20.5674,4.0228,2.2953
"897","2020-21","JaVale McGee",18,2008,6.6529,20.7888,5.3836,2.4275
"898","2021-22","JaVale McGee",18,2008,6.2358,20.4171,3.9064,2.2718
"899","2022-23","JaVale McGee",18,2008,6.2592,20.4171,4.0792,2.2999
"900","2023-24","JaVale McGee",18,2008,6.3886,20.5674,4.0228,2.2953
"901","2020-21","Serge Ibaka",24,2008,6.6529,20.7888,5.3836,2.4275
"902","2021-22","Serge Ibaka",24,2008,6.2358,20.4171,3.9064,2.2718
"903","2022-23","Serge Ibaka",24,2008,6.2592,20.4171,4.0792,2.2999
"904","2023-24","Serge Ibaka",24,2008,6.3886,20.5674,4.0228,2.2953
"905","2020-21","Nicolas Batum",25,2008,6.6529,20.7888,5.3836,2.4275
"906","2021-22","Nicolas Batum",25,2008,6.2358,20.4171,3.9064,2.2718
"907","2022-23","Nicolas Batum",25,2008,6.2592,20.4171,4.0792,2.2999
"908","2023-24","Nicolas Batum",25,2008,6.3886,20.5674,4.0228,2.2953
"909","2020-21","George Hill",26,2008,6.6529,20.7888,5.3836,2.4275
"910","2021-22","George Hill",26,2008,6.2358,20.4171,3.9064,2.2718
"911","2022-23","George Hill",26,2008,6.2592,20.4171,4.0792,2.2999
"912","2023-24","George Hill",26,2008,6.3886,20.5674,4.0228,2.2953
"913","2020-21","DeAndre Jordan",35,2008,6.6529,20.7888,5.3836,2.4275
"914","2021-22","DeAndre Jordan",35,2008,6.2358,20.4171,3.9064,2.2718
"915","2022-23","DeAndre Jordan",35,2008,6.2592,20.4171,4.0792,2.2999
"916","2023-24","DeAndre Jordan",35,2008,6.3886,20.5674,4.0228,2.2953
"917","2020-21","Goran Dragić",45,2008,6.6529,20.7888,5.3836,2.4275
"918","2021-22","Goran Dragić",45,2008,6.2358,20.4171,3.9064,2.2718
"919","2022-23","Goran Dragić",45,2008,6.2592,20.4171,4.0792,2.2999
"920","2023-24","Goran Dragić",45,2008,6.3886,20.5674,4.0228,2.2953
"921","2020-21","Kevin Durant",2,2007,6.6529,20.7888,5.3836,2.4275
"922","2021-22","Kevin Durant",2,2007,6.2358,20.4171,3.9064,2.2718
"923","2022-23","Kevin Durant",2,2007,6.2592,20.4171,4.0792,2.2999
"924","2023-24","Kevin Durant",2,2007,6.3886,20.5674,4.0228,2.2953
"925","2020-21","Al Horford",3,2007,6.6529,20.7888,5.3836,2.4275
"926","2021-22","Al Horford",3,2007,6.2358,20.4171,3.9064,2.2718
"927","2022-23","Al Horford",3,2007,6.2592,20.4171,4.0792,2.2999
"928","2023-24","Al Horford",3,2007,6.3886,20.5674,4.0228,2.2953
"929","2020-21","Mike Conley",4,2007,6.6529,20.7888,5.3836,2.4275
"930","2021-22","Mike Conley",4,2007,6.2358,20.4171,3.9064,2.2718
"931","2022-23","Mike Conley",4,2007,6.2592,20.4171,4.0792,2.2999
"932","2023-24","Mike Conley",4,2007,6.3886,20.5674,4.0228,2.2953
"933","2020-21","Jeff Green",5,2007,6.6529,20.7888,5.3836,2.4275
"934","2021-22","Jeff Green",5,2007,6.2358,20.4171,3.9064,2.2718
"935","2022-23","Jeff Green",5,2007,6.2592,20.4171,4.0792,2.2999
"936","2023-24","Jeff Green",5,2007,6.3886,20.5674,4.0228,2.2953
"937","2020-21","Thaddeus Young",12,2007,6.6529,20.7888,5.3836,2.4275
"938","2021-22","Thaddeus Young",12,2007,6.2358,20.4171,3.9064,2.2718
"939","2022-23","Thaddeus Young",12,2007,6.2592,20.4171,4.0792,2.2999
"940","2023-24","Thaddeus Young",12,2007,6.3886,20.5674,4.0228,2.2953
"941","2020-21","LaMarcus Aldridge",2,2006,6.6529,20.7888,5.3836,2.4275
"942","2021-22","LaMarcus Aldridge",2,2006,6.2358,20.4171,3.9064,2.2718
"943","2022-23","LaMarcus Aldridge",2,2006,6.2592,20.4171,4.0792,2.2999
"944","2023-24","LaMarcus Aldridge",2,2006,6.3886,20.5674,4.0228,2.2953
"945","2020-21","Rudy Gay",8,2006,6.6529,20.7888,5.3836,2.4275
"946","2021-22","Rudy Gay",8,2006,6.2358,20.4171,3.9064,2.2718
"947","2022-23","Rudy Gay",8,2006,6.2592,20.4171,4.0792,2.2999
"948","2023-24","Rudy Gay",8,2006,6.3886,20.5674,4.0228,2.2953
"949","2020-21","Rajon Rondo",21,2006,6.6529,20.7888,5.3836,2.4275
"950","2021-22","Rajon Rondo",21,2006,6.2358,20.4171,3.9064,2.2718
"951","2022-23","Rajon Rondo",21,2006,6.2592,20.4171,4.0792,2.2999
"952","2023-24","Rajon Rondo",21,2006,6.3886,20.5674,4.0228,2.2953
"953","2020-21","Kyle Lowry",24,2006,6.6529,20.7888,5.3836,2.4275
"954","2021-22","Kyle Lowry",24,2006,6.2358,20.4171,3.9064,2.2718
"955","2022-23","Kyle Lowry",24,2006,6.2592,20.4171,4.0792,2.2999
"956","2023-24","Kyle Lowry",24,2006,6.3886,20.5674,4.0228,2.2953
"957","2020-21","P.J. Tucker",35,2006,6.6529,20.7888,5.3836,2.4275
"958","2021-22","P.J. Tucker",35,2006,6.2358,20.4171,3.9064,2.2718
"959","2022-23","P.J. Tucker",35,2006,6.2592,20.4171,4.0792,2.2999
"960","2023-24","P.J. Tucker",35,2006,6.3886,20.5674,4.0228,2.2953
"961","2020-21","Paul Millsap",47,2006,6.6529,20.7888,5.3836,2.4275
"962","2021-22","Paul Millsap",47,2006,6.2358,20.4171,3.9064,2.2718
"963","2022-23","Paul Millsap",47,2006,6.2592,20.4171,4.0792,2.2999
"964","2023-24","Paul Millsap",47,2006,6.3886,20.5674,4.0228,2.2953
"965","2020-21","Chris Paul",4,2005,6.6529,20.7888,5.3836,2.4275
"966","2021-22","Chris Paul",4,2005,6.2358,20.4171,3.9064,2.2718
"967","2022-23","Chris Paul",4,2005,6.2592,20.4171,4.0792,2.2999
"968","2023-24","Chris Paul",4,2005,6.3886,20.5674,4.0228,2.2953
"969","2020-21","Lou Williams",45,2005,6.6529,20.7888,5.3836,2.4275
"970","2021-22","Lou Williams",45,2005,6.2358,20.4171,3.9064,2.2718
"971","2022-23","Lou Williams",45,2005,6.2592,20.4171,4.0792,2.2999
"972","2023-24","Lou Williams",45,2005,6.3886,20.5674,4.0228,2.2953
"973","2020-21","Dwight Howard",1,2004,6.6529,20.7888,5.3836,2.4275
"974","2021-22","Dwight Howard",1,2004,6.2358,20.4171,3.9064,2.2718
"975","2022-23","Dwight Howard",1,2004,6.2592,20.4171,4.0792,2.2999
"976","2023-24","Dwight Howard",1,2004,6.3886,20.5674,4.0228,2.2953
"977","2020-21","Andre Iguodala",9,2004,6.6529,20.7888,5.3836,2.4275
"978","2021-22","Andre Iguodala",9,2004,6.2358,20.4171,3.9064,2.2718
"979","2022-23","Andre Iguodala",9,2004,6.2592,20.4171,4.0792,2.2999
"980","2023-24","Andre Iguodala",9,2004,6.3886,20.5674,4.0228,2.2953
"981","2020-21","Trevor Ariza",43,2004,6.6529,20.7888,5.3836,2.4275
"982","2021-22","Trevor Ariza",43,2004,6.2358,20.4171,3.9064,2.2718
"983","2022-23","Trevor Ariza",43,2004,6.2592,20.4171,4.0792,2.2999
"984","2023-24","Trevor Ariza",43,2004,6.3886,20.5674,4.0228,2.2953
"985","2020-21","LeBron James",1,2003,6.6529,20.7888,5.3836,2.4275
"986","2021-22","LeBron James",1,2003,6.2358,20.4171,3.9064,2.2718
"987","2022-23","LeBron James",1,2003,6.2592,20.4171,4.0792,2.2999
"988","2023-24","LeBron James",1,2003,6.3886,20.5674,4.0228,2.2953
"989","2020-21","Carmelo Anthony",3,2003,6.6529,20.7888,5.3836,2.4275
"990","2021-22","Carmelo Anthony",3,2003,6.2358,20.4171,3.9064,2.2718
"991","2022-23","Carmelo Anthony",3,2003,6.2592,20.4171,4.0792,2.2999
"992","2023-24","Carmelo Anthony",3,2003,6.3886,20.5674,4.0228,2.2953
